event_id,date,lat,lng,country,accuracy
glc-1055,2009-07-22,26.8826,88.2788,IN,10km
glc-1054,2009-07-22,26.8572,88.3143,IN,10km
glc-1061,2009-07-01,27.478,88.527,IN,1km
glc-1062,2009-07-27,28,85.71,NP,25km
glc-2164,2010-07-29,25.3098633,94.48214677,IN,25km
glc-9965,2016-09-05,26.324724,94.514651,,1km
glc-9853,2016-08-16,27.593,88.492,,exact
glc-4569,2012-09-19,27.8385,88.556,IN,10km
glc-4571,2012-09-19,27.6558,88.605,IN,10km
glc-9946,2017-07-04,21.61900923,91.92597729,,5km
glc-9966,2016-09-05,26.092493,94.257523,,
glc-5122,2013-07-17,25.7658,93.9413,IN,50km
glc-5123,2013-07-17,25.7131,94.0885,IN,50km
glc-9943,2017-06-13,22.35037081,91.83258101,,25km
glc-9984,2017-07-01,26.1445447,94.24416766,,5km
glc-10000,2017-07-05,21.23699085,92.10434768,,25km
glc-9940,2017-07-03,26.20450454,91.87202793,,1km
glc-9941,2017-07-02,22.77997113,92.03513581,,50km
glc-9950,2016-09-02,27.513641,87.640957,,25km
glc-9974,2017-07-04,25.4976444,94.12901274,,1km
glc-9963,2016-09-04,27.833565,85.201673,,exact
glc-9955,2017-07-03,27.167781,87.055222,,1km
glc-9972,2017-07-03,26.22247247,91.92053028,,10km
glc-9951,2017-07-03,26.1061808,91.85158907,,5km
glc-9952,2017-07-03,26.10430759,91.86227824,,5km
glc-9942,2017-06-13,22.74955141,92.22099982,,250km
glc-9699,2017-06-13,22.80452414,91.91261915,,10km
glc-9992,2017-07-02,27.90362599,85.91050294,,10km
glc-9998,2017-07-04,27.98531715,94.21263589,,1km
glc-9983,2017-07-01,26.11613908,94.24222574,,5km
glc-9999,2017-07-05,21.42181705,92.17584376,,5km
glc-9993,2017-07-04,27.97875751,94.26296826,,10km
glc-9700,2017-06-14,21.04270451,92.21525816,,25km
glc-9976,2017-07-05,26.90298048,88.29518925,,5km
glc-9991,2017-07-05,27.878121,85.143062,,50km
glc-9989,2017-06-28,23.69461107,92.87641207,,10km
glc-9982,2017-07-01,26.3312531,94.55427723,,1km
glc-9994,2017-07-06,27.02149311,88.25902123,,1km
glc-9746,2017-06-05,23.19807165,94.29816252,,10km
glc-9829,2017-06-19,27.06992579,93.6146564,,1km
glc-9865,2016-08-14,28.069957,85.01,,5km
glc-9877,2017-06-26,24.21988831,93.20266204,,10km
glc-9839,2016-08-09,27.6835,86.1804,,5km
glc-9771,2017-05-29,22.65620215,93.61589869,,5km
glc-9846,2017-06-24,29.71492436,98.92090376,,10km
glc-9750,2017-06-04,25.15246863,92.94670614,,50km
glc-9702,2017-06-13,21.87861504,92.2676503,,50km
glc-9876,2017-06-27,24.30415689,93.18182448,,5km
glc-9869,2016-08-16,26.88161,95.399897,,25km
glc-9733,2017-06-03,23.86469956,91.8949662,,50km
glc-9741,2017-06-05,26.9653186,88.2667225,,10km
glc-9721,2017-06-12,22.59420297,92.16404889,,10km
glc-9697,2017-06-13,22.65242372,92.15898865,,10km
glc-9701,2017-06-13,22.80452414,91.91261915,,10km
glc-9703,2017-06-13,22.44394492,91.97239273,,25km
glc-9743,2017-06-04,27.05909317,93.54235868,,5km
glc-9834,2017-06-21,27.05880384,93.54136779,,1km
glc-9789,2017-05-26,25.907233,91.881892,,exact
glc-9742,2017-06-02,25.67061161,94.11844319,,1km
glc-9875,2017-06-26,24.32420539,93.15020652,,5km
glc-9715,2017-06-12,22.59420297,92.16404889,,10km
glc-9837,2017-06-21,21.556137,85.70071225,,5km
glc-9712,2017-06-10,23.73354779,92.74744512,,1km
glc-9747,2017-06-04,27.33861278,87.67107225,,exact
glc-9704,2017-06-12,25.11956675,94.36416626,,50km
glc-9745,2017-06-03,24.19467451,91.82931979,,10km
glc-9698,2017-06-13,22.65242372,92.15898865,,10km
glc-9749,2017-06-04,27.33861278,87.67107225,,exact
glc-9934,2017-07-01,27.01145644,92.64204045,,1km
glc-9785,2017-05-26,27.54295099,88.59676956,,5km
glc-9904,2016-08-25,25.660517,94.104931,,25km
glc-9931,2017-06-30,25.06657276,93.9310888,,1km
glc-9920,2016-08-31,27.503555,85.219709,,5km
glc-9917,2016-09-01,24.768609,92.821182,,50km
glc-9926,2016-08-31,28.007828,86.191717,,exact
glc-9932,2017-07-01,27.10647226,93.65975252,,exact
glc-9935,2017-07-01,27.08168565,93.60815652,,5km
glc-9918,2017-06-30,27.18732399,87.50256183,,25km
glc-9797,2017-05-24,27.769793,93.50995626,,25km
glc-9770,2017-06-01,23.73941422,92.71505961,,5km
glc-9933,2017-06-30,27.04768643,93.61899644,,1km
glc-9948,2017-07-01,24.95178179,94.20340026,,1km
glc-9949,2017-07-03,26.10035658,91.87351723,,1km
glc-10004,2017-07-10,26.14547804,91.79364785,,1km
glc-5238,2013-07-29,19.9282,99.7817,TH,50km
glc-8220,2015-09-16,26.9597,86.5598,NP,5km
glc-311,2007-10-15,22.5333,89.4,BD,5km
glc-9249,2016-07-30,27.5269,85.5641,NP,1km
glc-7370,2015-08-01,24.1419,94.1078,IN,5km
glc-2312,2010-08-23,27.5,90.5034,BT,5km
glc-5084,2013-07-12,25.616,94.1167,IN,10km
glc-4349,2012-05-03,27.978,85.9742,CN,unknown
glc-3986,2011-09-25,27.0605,88.255,IN,1km
glc-2566,2010-10-08,25.4769,94.1351,IN,5km
glc-1050,2009-07-03,26.87324244,88.29184021,IN,10km
glc-191,2007-08-19,27.4211,85.0249,NP,25km
glc-135,2007-07-22,25.1424,98.4802,CN,50km
glc-1109,2009-08-20,25.5215,93.1645,IN,25km
glc-1961,2010-06-09,25.8833,91.2,IN,50km
glc-2403,2010-09-08,27.7773,85.8416,NP,5km
glc-2307,2010-08-21,27.2485,86.6444,NP,unknown
glc-595,2008-06-20,26.885,88.2778,IN,25km
glc-2578,2010-10-09,25.3179,94.0462,IN,5km
glc-322,2007-10-21,24.75,93.4333,IN,25km
glc-6020,2014-05-10,24.5784,91.7227,BD,10km
glc-2117,2010-07-22,27.8122,89.9019,BT,50km
glc-5552,2013-09-24,25.0985,94.3619,IN,5km
glc-3621,2011-06-17,26.88,88.28,IN,5km
glc-8677,2015-10-08,27.2625,87.6017,NP,5km
glc-1993,2010-06-16,26.8073,88.3162,IN,10km
glc-5484,2013-09-08,25.9365,99.3373,CN,unknown
glc-7031,2015-05-24,27.6163,88.6586,IN,1km
glc-2370,2010-09-01,25.6167,99,CN,5km
glc-5834,2014-02-03,22.3475,91.8123,BD,5km
glc-9073,2015-12-17,22.1306,95.5488,MM,unknown
glc-2025,2010-06-28,25.5728,91.885,IN,5km
glc-9405,2016-04-19,26.7223,95.0243,IN,1km
glc-5343,2013-08-17,24.7625,93.4341,IN,10km
glc-6971,2015-06-09,27.0987,93.816,IN,5km
glc-6526,2014-08-14,28.3466,85.0058,NP,25km
glc-57,2007-04-11,27.4459,88.6193,IN,5km
glc-1611,2010-04-01,25.1553,93.028,IN,25km
glc-147,2007-07-30,22.533,92.899,IN,25km
glc-4382,2012-06-03,25.1175,92.8573,IN,5km
glc-1112,2009-08-20,27.1761,88.5287,IN,25km
glc-2424,2010-09-13,23.591,92.9296,IN,25km
glc-78,2007-05-23,27.3383,88.6069,IN,50km
glc-9167,2016-06-14,26.8823,87.9125,NP,5km
glc-5470,2013-09-06,26.8722,87.3303,NP,5km
glc-5431,2013-09-01,24.9829,93.5063,IN,5km
glc-6139,2014-07-13,27.5687,85.34,NP,5km
glc-3672,2011-06-29,25.5125,93.3613,IN,unknown
glc-3997,2011-09-30,27.5161,88.5575,IN,10km
glc-2253,2010-08-15,25.31006064,94.48265093,IN,25km
glc-9119,2015-12-25,26.0746,97.3668,MM,unknown
glc-9139,2016-06-14,27.6276,87.7924,NP,50km
glc-668,2008-07-25,27.982,85.9757,CN,25km
glc-1108,2009-08-20,24.9925,93.5,IN,10km
glc-3989,2011-09-26,27.4082091,87.29003611,NP,10km
glc-6105,2014-06-26,28.9205,95.3429,IN,unknown
glc-2430,2010-09-14,27.8732,85.9259,NP,25km
glc-9168,2016-06-12,27.6438,93.871,IN,10km
glc-7021,2015-06-27,27.0076,88.251,IN,1km
glc-3560,2011-05-31,24.8286,93.5935,IN,50km
glc-587,2008-06-15,27.2298,94.0989,IN,25km
glc-6019,2014-05-10,24.4136,91.7561,BD,25km
glc-8012,2015-09-06,25.9703,91.8584,IN,1km
glc-2555,2010-10-06,22.6461,97.3193,MM,25km
glc-7335,2015-08-18,25.5145,90.2023,IN,1km
glc-6979,2015-06-11,27.36,87.6681,NP,5km
glc-6170,2014-07-21,24.4267,98.5852,CN,50km
glc-3804,2011-07-19,23.7118,90.4077,BD,50km
glc-141,2007-07-26,25.38,91.88,IN,50km
glc-3983,2011-09-23,26.1548,91.7351,IN,unknown
glc-4024,2011-10-22,29.7453,98.5567,CN,unknown
glc-148,2007-07-30,22.479,92.967,IN,25km
glc-1094,2009-08-16,27.15977181,88.63411246,IN,exact
glc-1775,2010-04-21,27.8965,96.1779,IN,unknown
glc-4901,2013-06-05,27.4513,87.6093,NP,25km
glc-3663,2011-06-28,25.6682,94.1099,IN,50km
glc-257,2007-09-10,27.2667,85.9667,NP,25km
glc-7385,2015-08-01,24.004,93.9815,IN,10km
glc-3643,2011-06-23,27.2879,88.2579,IN,5km
glc-2575,2010-10-09,25.5242,92.9914,IN,50km
glc-6265,2014-10-19,30.3306,98.1578,CN,unknown
glc-3840,2011-07-25,24.6869,93.9157,IN,50km
glc-9681,2010-05-21,27.21898773,89.5187916,BT,50km
glc-1027,2009-05-18,24.3083,91.7333,BD,10km
glc-6988,2015-06-24,31.2025,97.2296,CN,50km
glc-1064,2009-07-31,22.2251,92.19,BD,5km
glc-1979,2010-06-15,21.1899,92.1571,BD,50km
glc-6015,2014-05-08,27.9032,96.174,IN,1km
glc-3715,2011-07-03,26.8998,86.7014,NP,5km
glc-3741,2011-07-07,25.4191,94.1079,IN,5km
glc-7696,2015-08-14,27.4373,90.4678,,50km
glc-1132,2009-09-01,27.4167,86.6667,NP,25km
glc-210,2007-08-25,27.0713,88.4308,IN,25km
glc-2106,2010-07-20,26.8716,94.9921,IN,25km
glc-9051,2016-07-19,26.09748244,91.8744337,IN,25km
glc-870,2008-10-29,27.4,92.35,IN,50km
glc-2392,2010-09-04,27.3702,88.7334,IN,10km
glc-1037,2009-06-17,26.89,88.47,IN,5km
glc-7643,2016-04-10,27.5108,86.02,NP,5km
glc-3830,2011-07-22,24.3527,94.3429,IN,10km
glc-4906,2013-06-07,26.0977,94.7499,IN,10km
glc-1091,2009-08-16,27.02459801,88.43849551,IN,25km
glc-9333,2016-02-25,25.1622,92.0104,BD,5km
glc-3824,2011-07-21,28.0889,85.6352,NP,50km
glc-151,2007-08-02,26.8905,88.2789,IN,25km
glc-7076,2015-07-04,26.9282,88.4553,IN,1km
glc-218,2007-08-29,27.0096,88.2548,IN,10km
glc-2261,2010-08-17,26.9435,88.4445,IN,10km
glc-93,2007-06-13,26.7324,88.4089,IN,25km
glc-9603,2016-10-12,26.8861,88.1704,IN,10km
glc-3269,2011-03-22,28.0791,96.5242,IN,10km
glc-5075,2013-07-10,27.5001,86.8669,NP,5km
glc-1755,2010-04-17,27.3341,88.6083,IN,5km
glc-6990,2015-06-24,26.0319,94.5466,IN,5km
glc-1995,2010-06-16,27.0765,88.4808,IN,10km
glc-6222,2014-10-01,27.1249,93.7706,IN,5km
glc-9169,2016-06-12,26.1677,94.2442,IN,100km
glc-4435,2012-06-25,27.174,95.8011,IN,10km
glc-4313,2012-04-08,28.4659,95.86,IN,50km
glc-163,2007-08-08,21.5332,94.4332,MM,25km
glc-2344,2010-08-27,24.7505,93.4221,IN,5km
glc-7263,2015-07-22,25.4477,94.0489,IN,1km
glc-5271,2013-08-04,26.284,94.5808,IN,5km
glc-4424,2012-06-20,26.149,91.7351,IN,1km
glc-3525,2011-05-22,25.0672,93.4093,IN,25km
glc-7369,2015-08-01,24.1988,94.1016,IN,10km
glc-7108,2015-05-01,27.9715,85.9623,CN,1km
glc-2360,2010-08-29,27.7276,88.0446,NP,25km
glc-4892,2013-06-01,27.8776,94.25,IN,50km
glc-4377,2012-06-02,26.1475,91.7356,IN,5km
glc-5430,2013-09-01,24.9037,93.487,IN,25km
glc-7264,2015-07-22,25.4538,93.9827,IN,5km
glc-9220,2016-07-26,27.1027,88.1218,IN,1km
glc-5006,2013-07-01,26.1147,94.3864,IN,1km
glc-85,2007-06-11,22.6368,92.1453,BD,10km
glc-7949,2016-06-28,28.0336,85.2178,NP,1km
glc-8280,2015-09-21,22.3496,91.8138,BD,10km
glc-7000,2015-06-26,21.4409,92.0074,BD,1km
glc-256,2007-09-10,27.3425,88.6236,IN,10km
glc-2447,2010-09-18,27.509,85.1505,NP,25km
glc-9335,2016-05-18,24.5202,92.7239,IN,1km
glc-7279,2015-07-24,24.9818,93.5142,IN,50km
glc-1963,2010-06-11,26.944,88.4441,IN,10km
glc-6119,2014-07-01,29.7929,95.8044,CN,unknown
glc-6288,2014-09-22,26.1985,91.7998,IN,5km
glc-5087,2013-07-12,25.6269,94.1139,IN,10km
glc-6966,2015-06-17,26.9974,88.4314,IN,50km
glc-258,2007-09-11,24.4279,94.0564,IN,50km
glc-5338,2013-08-16,26.8727,94.9275,IN,25km
glc-2411,2010-09-10,27.0011,93.7273,IN,unknown
glc-5167,2013-07-22,27.7898,86.3499,NP,10km
glc-6143,2014-07-14,23.7327,92.7463,IN,5km
glc-4908,2013-06-08,27.3721,88.708,IN,25km
glc-9124,2016-07-19,25.203,90.5573,IN,5km
glc-4598,2012-10-30,21.443,92.0076,BD,10km
glc-2282,2010-08-19,26.1984,94.8158,IN,1km
glc-9338,2016-05-18,24.4638,92.4943,IN,10km
glc-2421,2010-09-13,23.75406693,92.74128531,IN,1km
glc-2249,2010-08-14,26.0814,94.803,IN,25km
glc-8901,2016-07-10,25.7902,94.1318,IN,25km
glc-2283,2010-08-19,24.8961,93.4957,IN,5km
glc-4552,2012-09-14,27.0377,88.3603,IN,5km
glc-1099,2009-08-18,27.044,89.5744,BT,5km
glc-3810,2011-07-19,27.9358,85.1893,NP,10km
glc-6454,2014-08-07,27.8953,85.6016,NP,5km
glc-6016,2014-05-09,24.8669,92.3576,IN,1km
glc-215,2007-08-28,25.7428,93.9136,IN,50km
glc-7044,2015-07-01,26.8366,88.0839,NP,25km
glc-1978,2010-06-15,20.92931962,92.22263842,BD,25km
glc-5533,2013-09-16,27.0599,88.4674,IN,5km
glc-7780,2015-08-26,23.3572,92.7878,IN,5km
glc-2281,2010-08-19,25.61560252,94.11603493,IN,5km
glc-1996,2010-06-17,26.4333,94.8833,IN,25km
glc-260,2007-09-11,27.2084,88.4909,IN,5km
glc-6283,2014-09-22,26.1314,91.7548,IN,1km
glc-263,2007-09-12,27.3667,87.2167,NP,50km
glc-6403,2014-11-27,25.0666,98.8225,CN,unknown
glc-8930,2016-07-11,26.1699,94.4922,IN,1km
glc-869,2008-10-29,27.2333,94.1167,IN,50km
glc-6656,2015-01-06,25.6172,96.3005,MM,5km
glc-285,2007-09-29,24.1293,92.6921,IN,50km
glc-3662,2011-06-28,25.03561729,94.0144205,IN,25km
glc-5427,2013-08-15,25.3833,94.1884,IN,5km
glc-8339,2015-09-23,26.1666,91.7042,IN,1km
glc-9158,2016-07-25,27.21545164,85.91452544,NP,5km
glc-8899,2016-07-10,27.4159,87.6909,NP,5km
glc-1279,2009-11-05,27.5,85.35,NP,25km
glc-3874,2011-08-03,27.7165,85.4279,NP,1km
glc-4905,2013-06-07,26.0977,94.7031,IN,25km
glc-7905,2015-08-27,27.8569,85.1287,NP,10km
glc-2030,2010-06-30,26.97,86.74,NP,10km
glc-9186,2016-07-25,25.48,94.1383,IN,1km
glc-8955,2015-11-16,25.0821,91.7783,BD,1km
glc-5107,2013-07-15,25.6269,94.1139,IN,10km
glc-6792,2015-02-22,25.1472,91.7483,BD,5km
glc-7253,2015-07-22,24.7979,92.9974,IN,5km
glc-1089,2009-08-16,26.7914,88.363,IN,10km
glc-6286,2014-09-22,26.1044,91.7082,IN,5km
glc-7040,2015-07-01,26.9978,88.167,IN,1km
glc-5423,2013-08-31,28.2,99.4,CN,unknown
glc-6782,2011-09-28,26.8545,88.3372,IN,exact
glc-594,2008-06-19,24.9336,93.8275,IN,25km
glc-5337,2013-08-16,26.4205,94.9731,IN,5km
glc-3881,2011-08-05,27.1034,93.6885,IN,5km
glc-3925,2011-08-15,27.4888,93.0153,IN,50km
glc-7383,2015-08-01,23.899,94.1434,IN,5km
glc-8900,2016-07-07,25.0118,94.3136,IN,25km
glc-6512,2014-08-14,27.5742,85.1509,NP,10km
glc-4757,2013-02-18,28.1193,95.1645,IN,5km
glc-4579,2012-10-01,26.8016,88.0499,NP,5km
glc-7666,2015-08-11,25.1019,93.3729,IN,5km
glc-4432,2012-06-24,22.3312,91.8252,BD,10km
glc-9308,2016-02-16,24.9007,91.8644,BD,5km
glc-3813,2011-07-20,27.1141,88.4658,IN,25km
glc-152,2007-08-02,26.4596,87.2758,NP,25km
glc-1975,2010-06-15,21.23704301,92.19530189,BD,5km
glc-2113,2010-07-21,27.3773,88.559,IN,25km
glc-2045,2010-07-06,26.2363,94.8133,IN,5km
glc-7701,2015-08-19,25.6278,94.1051,IN,5km
glc-9321,2016-05-21,22.6239,91.6743,BD,5km
glc-672,2008-07-27,27.09,86.37,NP,unknown
glc-9185,2016-07-25,27.1005,87.7831,NP,10km
glc-2422,2010-09-13,23.74182634,92.7141905,IN,1km
glc-6513,2014-08-14,23.0137,91.7174,IN,5km
glc-318,2007-10-19,22.894,91.5327,BD,unknown
glc-4990,2013-06-27,27.3765,88.7628,IN,1km
glc-2248,2010-08-14,26.222,94.9152,IN,25km
glc-5268,2013-08-04,26.0137,94.5163,IN,25km
glc-6106,2014-06-26,26.1407,91.7645,IN,5km
glc-3965,2011-09-06,24.808,93.117,IN,1km
glc-4561,2012-09-17,27.5684,85.2254,NP,5km
glc-7838,2015-08-27,23.6866,93.017,,50km
glc-6460,2014-08-09,24.544,85.3492,IN,50km
glc-129,2007-07-19,25.0333,98.4667,CN,50km
glc-1092,2009-08-16,26.74452462,88.40011959,IN,5km
glc-1111,2009-08-20,27.1344,88.4575,IN,5km
glc-7035,2015-06-30,25.4243,88.2746,IN,1km
glc-6969,2015-06-16,25.5114,90.215,IN,1km
glc-9193,2016-07-25,27.5567,85.1173,NP,5km
glc-2044,2010-07-06,25.8877,94.7861,IN,5km
glc-2587,2010-10-10,25.6623,94.1072,IN,1km
glc-8684,2016-07-07,25.9611,91.3681,IN,50km
glc-1596,2010-03-27,24.7339,93.9161,IN,5km
glc-3680,2011-07-01,22.344,91.8161,BD,10km
glc-1771,2010-04-20,26.1978,91.7665,IN,exact
glc-7364,2015-07-31,24.819,94.3551,IN,10km
glc-7365,2015-08-01,21.7773,92.1991,BD,50km
glc-10007,2017-07-10,26.19037705,91.77306002,,1km
glc-6968,2015-06-13,25.463,92.2121,IN,5km
glc-2325,2010-08-24,27.35,87.6667,NP,5km
glc-7373,2015-08-01,24.9111,94.4759,IN,10km
glc-8964,2016-06-18,29.8246,94.413,CN,100km
glc-4570,2012-09-19,27.8458,95.2253,IN,1km
glc-6276,2014-10-17,20.7844,97.0235,MM,10km
glc-9080,2016-07-20,27.8883,85.5097,NP,5km
glc-1137,2009-09-05,27.3667,86.0868,NP,10km
glc-1935,2010-06-03,23.8986,91.7599,IN,5km
glc-2577,2010-10-09,25.5265,93.8673,IN,50km
glc-7723,2015-08-21,28.0297,85.0934,NP,10km
glc-7276,2015-07-25,26.1062,91.8717,IN,5km
glc-3788,2011-07-16,27.7783,98.4579,CN,unknown
glc-2326,2010-08-24,27.07,87.73,NP,5km
glc-10008,2016-08-09,26.7973,88.1389,,10km
glc-2576,2010-10-09,25.4788,94.1399,IN,10km
glc-7112,2015-04-28,28.2001,85.4611,NP,1km
glc-1102,2009-08-19,27.2644,88.1365,IN,10km
glc-5505,2013-09-12,27.3414,86.7506,NP,5km
glc-2446,2010-09-18,27.5086,85.0855,NP,25km
glc-1056,2009-07-22,27.04,88.264,IN,10km
glc-6124,2014-07-04,25.6157,96.3167,MM,5km
glc-6293,2014-10-20,25.5006,90.0896,IN,50km
glc-3716,2011-07-03,27.3167,86.5,NP,5km
glc-4858,2013-05-11,26.1662,91.7138,IN,50km
glc-5269,2013-08-04,25.8376,94.5234,IN,unknown
glc-5270,2013-08-04,26.0481,94.4619,IN,unknown
glc-4743,2013-01-30,22.6205,91.6591,BD,5km
glc-8682,2016-06-05,24.6997,85.6285,IN,1km
glc-6284,2014-09-22,26.1324,91.8342,IN,5km
glc-7620,2015-08-07,27.6788,85.514,NP,5km
glc-4394,2012-06-07,27.1748,88.6458,IN,25km
glc-6146,2014-07-15,27.059,88.4694,IN,1km
glc-9251,2016-07-28,25.8702,94.7844,IN,1km
glc-7699,2015-08-19,26.0214,94.5224,IN,50km
glc-7664,2015-08-11,24.7459,93.4251,IN,10km
glc-3816,2011-07-21,27.5003,90.5081,BT,25km
glc-1088,2009-08-16,26.8867642,88.28044714,IN,5km
glc-10972,2016-12-15,26.191688,91.810079,,1km
glc-7061,2015-05-12,28.0257,85.7262,NP,5km
glc-7589,2015-08-19,25.2568,92.3825,IN,25km
glc-7887,2015-08-16,27.8835,96.9262,IN,50km
glc-9404,2016-05-01,28.0822,96.5316,IN,1km
glc-6130,2014-07-09,26.8844,98.8704,CN,unknown
glc-7283,2015-07-26,22.4254,91.8022,BD,1km
glc-6287,2014-09-22,26.1295,91.7056,IN,5km
glc-4519,2012-08-28,27.3172,86.5,NP,5km
glc-2296,2010-08-20,27.167,88.3652,IN,10km
glc-10021,2016-08-09,27.4503,87.74,,5km
glc-9309,2016-05-23,25.6127,96.2961,MM,5km
glc-2304,2010-08-21,25.5718,94.1211,IN,10km
glc-707,2008-08-10,26.9122,87.919,NP,50km
glc-5273,2013-08-04,26.1807,94.5497,IN,5km
glc-1113,2009-08-20,27.6072,86.9985,NP,10km
glc-1125,2009-08-26,27.3746,88.7648,IN,25km
glc-8995,2016-07-14,26.1963,91.8074,IN,5km
glc-2112,2010-07-21,27.5509,88.6475,IN,unknown
glc-7023,2015-06-01,22.0104,91.9538,BD,25km
glc-3622,2011-06-18,21,99,MM,unknown
glc-7313,2015-08-01,24.1077,94.0396,MM,25km
glc-2567,2010-10-08,25.6633,94.4703,IN,5km
glc-241,2007-09-07,27.201,88.4883,IN,25km
glc-7898,2015-08-28,27.8426,85.3418,NP,10km
glc-9532,2016-10-02,27.5778,85.1717,NP,10km
glc-7946,2015-09-05,26.9865,87.8982,NP,1km
glc-4392,2012-06-06,29.2409,95.9761,CN,10km
glc-4430,2012-06-24,21.38070054,92.01072983,BD,unknown
glc-3794,2011-07-17,26.99195749,88.42280921,IN,5km
glc-3823,2011-07-21,27.703,85.3183,NP,25km
glc-2371,2010-09-02,27.59,86.1,NP,5km
glc-2372,2010-09-02,27.8916,85.5036,NP,5km
glc-7247,2015-07-16,27.6314,85.0813,NP,25km
glc-866,2008-10-28,20.2947,98.9344,MM,10km
glc-6285,2014-09-22,26.159,91.8178,IN,5km
glc-868,2008-10-29,26.3333,91.25,IN,50km
glc-5005,2013-07-01,26.72,95.029,IN,5km
glc-3860,2011-07-29,25.4192,94.108,IN,10km
glc-5476,2013-09-07,27.3736,88.7323,IN,25km
glc-9163,2016-07-24,27.1861,87.1305,NP,1km
glc-1032,2009-05-26,27.0095,88.2592,IN,5km
glc-1141,2009-09-07,27.7667,86.1334,NP,10km
glc-1127,2009-08-27,25.1718,93.123,IN,10km
glc-221,2007-08-31,22.6461,88.3403,IN,10km
glc-4549,2012-09-14,27.5205,89.7466,BT,5km
glc-1107,2009-08-20,27.0736,88.4779,IN,25km
glc-2201,2010-08-05,27.0366,88.263,IN,5km
glc-5603,2013-10-13,25.426,94.6024,IN,5km
glc-2042,2010-07-06,26.0093,94.5238,IN,5km
glc-5442,2013-09-02,27.1614,93.7525,IN,unknown
glc-7933,2015-09-01,26.1868,91.6739,IN,1km
glc-3637,2011-06-21,25.51614662,94.2341227,IN,1km
glc-6965,2015-06-17,27.0257,88.4301,IN,50km
glc-4393,2012-06-07,27.7565,88.632,IN,25km
glc-4342,2012-05-01,28.1631,85.9834,CN,25km
glc-4562,2012-09-17,27.5002,86.5833,NP,25km
glc-7960,2016-06-29,28.0022,85.133,NP,10km
glc-3837,2011-07-24,26.5836,93.0038,IN,50km
glc-220,2007-08-31,25.1333,93.9667,IN,25km
glc-212,2007-08-26,25.5576,91.8506,IN,unknown
glc-7372,2015-07-31,25.0634,94.3415,IN,10km
glc-7881,2015-08-29,27.8884,85.2118,NP,25km
glc-2314,2010-08-23,27.6832,85.4434,NP,5km
glc-2570,2010-10-08,24.837,93.9128,IN,5km
glc-126,2007-07-16,27.1499,88.38,IN,25km
glc-2559,2010-10-07,20.8482,92.4524,MM,5km
glc-1168,2009-09-17,27.1954,88.6115,IN,5km
glc-3987,2011-09-25,27.891,85.149,NP,1km
glc-1103,2009-08-19,26.908,87.9258,NP,50km
glc-7947,2016-06-28,28.2465,85.3644,NP,1km
glc-4506,2012-08-21,27.3329,86.0798,NP,5km
glc-3806,2011-07-19,27.1032,93.6884,IN,10km
glc-7702,2015-08-20,22.2092,92.1868,,25km
glc-2214,2010-08-06,27.0375,88.2627,IN,25km
glc-2026,2010-06-28,25.4916,91.2698,IN,50km
glc-3943,2011-08-23,27.13862165,88.22551799,IN,10km
glc-3808,2011-07-19,27.2317,86.822,NP,unknown
glc-714,2008-08-14,27.163,94,IN,50km
glc-9500,2016-09-11,28.2568,85.3679,NP,5km
glc-6110,2014-06-27,26.1619,91.7697,IN,exact
glc-247,2007-09-08,25.0604,93.9877,IN,50km
glc-4407,2012-06-13,25.0951,92.3567,IN,50km
glc-239,2007-09-07,27.0667,89.5833,BT,10km
glc-8868,2016-07-06,28.6904,99.2543,,25km
glc-3789,2011-07-16,27.2743,92.9064,IN,10km
glc-9618,2016-10-15,26.9343,88.4486,IN,1km
glc-9245,2016-01-25,25.6226,96.2946,MM,1km
glc-6292,2014-09-23,25.7238,89.9032,IN,5km
glc-6783,2012-07-19,26.8546,88.3373,IN,exact
glc-545,2008-05-20,24.9849,92.8411,IN,50km
glc-7265,2015-07-22,25.5007,93.9854,IN,5km
glc-7703,2016-05-11,31.5583,95.2747,CN,unknown
glc-9684,2011-07-03,27.20517346,86.65683342,NP,25km
glc-2436,2010-09-16,24.3069,93.125,IN,5km
glc-7727,2015-08-20,25.6263,94.1057,IN,5km
glc-6550,2014-08-25,27.8609,85.7763,NP,5km
glc-758,2008-08-29,27.05,90.8,BT,50km
glc-7334,2015-08-18,28.1737,94.7596,IN,unknown
glc-6200,2014-08-17,27.0869,93.6086,IN,10km
glc-741,2008-08-23,22.344,91.8188,BD,10km
glc-9617,2016-10-15,26.888,88.2796,IN,5km
glc-7778,2015-08-26,23.8447,93.0514,IN,10km
glc-665,2008-07-24,27,86.71,NP,50km
glc-8022,2016-06-27,27.0927,85.5502,NP,10km
glc-6290,2014-09-23,25.5772,91.8666,IN,5km
glc-2327,2010-08-24,27.2948,87.9377,NP,5km
glc-4408,2012-06-13,25.5498,92.0757,IN,unknown
glc-1110,2009-08-20,26.88405686,88.28087032,IN,10km
glc-4403,2012-06-10,24.8142,93.5444,IN,50km
glc-5429,2013-09-01,27.3425,88.2426,IN,50km
glc-2140,2010-07-25,25.0477,92.801,IN,25km
glc-2243,2010-08-13,25.70223725,94.04619681,IN,5km
glc-9074,2016-07-20,27.1176,88.1069,IN,1km
glc-2554,2010-10-06,23.9723,96.8566,MM,unknown
glc-9142,2016-06-14,26.3185,94.5247,IN,1km
glc-9012,2016-07-15,27.5138,87.8086,NP,25km
glc-6107,2014-06-26,26.1844,91.7896,IN,5km
glc-7003,2015-06-27,21.444,92.1117,BD,25km
glc-4248,2012-03-08,21.5202,91.9696,BD,5km
glc-255,2007-09-10,24.2451,94.0691,IN,25km
glc-1882,2010-05-20,27.21962595,89.5187916,BT,50km
glc-7660,2015-08-12,25.6237,94.1136,IN,5km
glc-7037,2015-07-01,26.8811,88.2779,IN,5km
glc-9685,2011-07-03,27.30669194,86.77497513,NP,50km
glc-4556,2012-09-16,27.1675,88.3651,IN,5km
glc-6458,2014-08-08,27.6363,86.2326,NP,1km
glc-7389,2015-08-01,24.4072,94.0644,IN,5km
glc-7951,2016-06-28,27.758,85.4197,,5km
glc-2437,2010-09-16,23.7527,92.694,IN,5km
glc-6555,2014-08-27,27.8868,85.5107,NP,5km
glc-731,2008-08-19,26.138,94.25,IN,50km
glc-2266,2010-08-18,27.8541,98.683,CN,5km
glc-7371,2015-08-01,23.9939,94.0573,IN,50km
glc-7923,2015-09-01,26.49349035,91.72137514,IN,10km
glc-2067,2010-07-13,27.21782272,89.51924545,BT,25km
glc-169,2007-08-10,27.016,86.85,NP,25km
glc-3605,2011-06-13,29.6491,94.3615,CN,unknown
glc-5001,2013-06-30,21.9907,92.4951,BD,1km
glc-9154,2016-07-18,27.5072,86.1424,NP,5km
glc-760,2008-08-29,25.67,94.1066,IN,25km
glc-2182,2010-07-31,24.9356,93.8443,IN,25km
glc-10005,2017-07-06,26.10973183,91.80317334,,10km
glc-3632,2011-06-20,27.0638,88.4659,IN,5km
glc-1976,2010-06-15,21.23291114,92.19905362,BD,25km
glc-1954,2010-06-07,24.7543,93.5039,IN,50km
glc-824,2008-10-01,20.8605,92.489,MM,25km
glc-6963,2015-06-19,23.7131,92.7362,IN,50km
glc-5336,2013-08-16,26.3897,94.9439,IN,10km
glc-9365,2016-04-02,25.6219,96.2887,MM,10km
glc-7590,2015-08-19,25.1416,92.3807,IN,5km
glc-2433,2010-09-15,26.9796,86.7001,NP,50km
glc-7134,2015-04-19,24.5582,88.1825,BD,25km
glc-1222,2009-10-05,23.73478778,92.72124394,IN,5km
glc-8222,2016-06-22,26.1961,91.7825,IN,5km
glc-5322,2013-08-13,27.4907,86.1078,NP,1km
glc-7706,2015-08-19,25.0728,92.3636,IN,5km
glc-9215,2016-01-14,27.1758,88.5294,IN,1km
glc-9620,2016-10-15,27.172,88.5292,IN,5km
glc-1977,2010-06-15,21.23967983,92.19314477,BD,5km
glc-1813,2010-05-03,25.4053,97.8542,MM,unknown
glc-2429,2010-09-14,27.7513,85.8166,NP,5km
glc-8224,2015-09-14,23.7313,92.7187,IN,5km
glc-6187,2014-08-02,27.7702,85.8692,NP,exact
glc-614,2008-06-29,26.89,88.28,IN,5km
glc-1100,2009-08-18,26.8928,89.4497,BT,1km
glc-242,2007-09-07,26.8833,88.2833,IN,25km
glc-7938,2015-09-03,26.8797,87.9172,NP,10km
glc-770,2008-09-02,27.7649,87.199,NP,25km
glc-4241,2012-03-04,25.1604,93.6795,IN,25km
glc-3898,2011-08-08,22.2009,92.2168,BD,10km
glc-755,2008-08-28,27.337,88.609,IN,25km
glc-792,2008-09-16,29.8,95.7,CN,50km
glc-1972,2010-06-15,21.4384,92.0082,BD,10km
glc-1756,2010-04-17,27.322,88.6087,IN,1km
glc-1930,2010-05-31,28.4298,95.8776,IN,50km
glc-9334,2016-05-18,24.5204,92.7264,IN,1km
glc-8237,2016-07-01,27.0136,92.6351,IN,1km
glc-5487,2013-09-09,27.772,85.9052,NP,5km
glc-4385,2012-06-03,27.7167,88.5577,IN,5km
glc-585,2008-06-14,27.0998,93.6287,IN,25km
glc-4859,2013-05-11,26.1771,91.7599,IN,5km
glc-4436,2012-06-25,26.9986,95.4993,IN,50km
glc-9428,2016-04-22,27.5523,91.752,,10km
glc-3916,2011-08-13,25.7713,93.8067,IN,10km
glc-7034,2015-06-30,27.0875,88.6556,IN,1km
glc-7298,2015-07-27,22.3513,91.8295,BD,1km
glc-786,2008-09-11,27.777,85.3717,NP,10km
glc-5250,2013-08-01,27.8837,93.0515,IN,10km
glc-3805,2011-07-19,27.05374234,88.42572376,IN,1km
glc-7004,2015-06-27,21.4406,92.118,BD,25km
glc-2192,2010-08-02,27.6661,86.0332,NP,50km
glc-7246,2015-07-16,27.7768,85.8888,NP,25km
glc-4427,2012-06-22,30.4297,97.1598,CN,unknown
glc-3738,2011-07-06,24.8063,93.9482,IN,50km
glc-7032,2015-06-29,27.4916,85.4416,NP,5km
glc-2426,2010-09-13,22.7176,92.8416,IN,25km
glc-1084,2009-08-12,27.7,92.8,IN,5km
glc-7266,2015-07-22,25.5098,93.8794,IN,10km
glc-1129,2009-08-30,24.8628,94.4182,IN,50km
glc-253,2007-09-10,23.8917,90.9733,BD,5km
glc-6930,2015-03-30,25.6115,96.2907,MM,25km
glc-5039,2013-07-06,29.8901,95.5728,CN,unknown
glc-5969,2014-03-20,25.8509,97.4381,MM,50km
glc-2166,2010-07-29,24.9786,93.5027,IN,10km
glc-1051,2009-07-04,26.026,97.3715,MM,50km
glc-213,2007-08-26,25.2946,92.8339,IN,unknown
glc-4426,2012-06-22,26.1226,91.7162,IN,5km
glc-8366,2015-09-23,25.583,91.893,IN,5km
glc-1934,2010-06-03,24.6005,92.3814,IN,25km
glc-2029,2010-06-30,27.6063,87.2196,NP,50km
glc-4791,2013-03-29,29.6699,91.1549,CN,5km
glc-4960,2013-06-18,27.8196,85.2114,NP,50km
glc-7655,2016-04-22,27.5799,91.8569,IN,5km
glc-4235,2012-03-01,28.1038,85.0548,NP,25km
glc-9464,2016-08-05,27.5754,91.9754,IN,5km
glc-3912,2011-08-12,27.44,92.2833,IN,50km
glc-5272,2013-08-04,26.2083,94.5438,IN,1km
glc-580,2008-06-09,24.6596,93.9784,IN,unknown
glc-5575,2013-10-05,25.8266,94.1497,IN,5km
glc-3918,2011-08-13,27.6674,86.7174,NP,10km
glc-1899,2010-05-24,20.8486,92.4504,MM,1km
glc-7001,2015-06-27,21.0853,92.1414,BD,1km
glc-3977,2011-09-17,27.3824,86.0567,NP,1km
glc-8996,2016-07-14,26.1768,91.7702,IN,1km
glc-1613,2010-04-02,27.8997,93.3497,IN,1km
glc-7138,2015-07-07,27.0816,88.4397,IN,5km
glc-2084,2010-07-15,25.6167,96.3167,MM,25km
glc-7075,2015-06-30,26.9071,87.9217,NP,10km
glc-4857,2013-05-11,23.7281,92.7175,IN,25km
glc-6945,2015-06-19,25.16,93.686,IN,1km
glc-1857,2010-05-11,25.3433,92.2897,IN,25km
glc-2743,2010-11-22,27.5798729,91.85672387,IN,1km
glc-10018,2017-06-28,27.66868142,86.04142973,,1km
glc-4860,2013-05-11,26.1016,91.6906,IN,5km
glc-4845,2013-05-07,24.2315,92.6755,IN,50km
glc-9499,2016-09-11,28.2183,85.3573,NP,1km
glc-7363,2015-06-30,26.8843,88.1835,IN,25km
glc-1770,2010-04-20,26.1965,91.763,IN,1km
glc-763,2008-08-29,27.499,87.106,NP,25km
glc-7314,2015-08-01,23.7736,94.1201,MM,unknown
glc-7728,2015-08-22,26.1028,91.8806,IN,5km
glc-3693,2011-07-02,27.8189,99.7022,CN,50km
glc-10024,2017-06-25,25.83762589,93.94633448,,5km
glc-6280,2014-09-25,27.8519,85.5248,NP,5km
glc-4272,2012-03-18,27.178,99.2868,CN,10km
glc-5079,2013-07-11,26.9734,87.3412,IN,10km
glc-5274,2013-08-04,26.0838,94.564,IN,25km
glc-7836,2015-08-27,24.042,92.6724,IN,10km
glc-3776,2011-07-15,27.125,93.7145,IN,5km
glc-4798,2013-04-07,28.8254,96.1509,IN,unknown
glc-7388,2015-08-01,24.416,94.0984,IN,5km
glc-5421,2013-08-30,26.4205,94.9731,IN,5km
glc-2649,2010-10-23,19.9166,94.3761,MM,25km
glc-2343,2010-08-27,25.4786,94.1327,IN,5km
glc-3619,2011-06-17,27.4885,88.4451,IN,unknown
glc-3683,2011-07-01,25.8782,94.1739,IN,10km
glc-9619,2016-10-15,27.1695,88.3664,IN,5km
glc-5472,2013-09-06,26.9149,87.3372,NP,5km
glc-6935,2015-06-10,27.5905,87.7955,NP,unknown
glc-7591,2015-03-19,25.0318,92.4584,IN,5km
glc-5441,2013-09-02,28.611,94.9829,IN,5km
glc-6131,2014-07-09,25.8497,99.3858,CN,50km
glc-9232,2016-07-28,23.5397,93.3783,IN,1km
glc-4434,2012-06-25,26.1049,91.7369,IN,1km
glc-1090,2009-08-16,26.9599,88.268,IN,5km
glc-4378,2012-06-02,28.8254,96.1517,IN,50km
glc-7214,2015-07-15,27.36,93.0385,IN,5km
glc-5582,2013-10-06,26.1309,91.8383,IN,5km
glc-6980,2015-06-13,27.7786,85.3867,NP,5km
glc-4921,2013-06-15,27.1418,87.7788,NP,25km
glc-9159,2016-07-25,27.6019,85.225,NP,5km
glc-2405,2010-09-09,28.3036,95.4112,IN,unknown
glc-3556,2011-05-31,25.1555,93.8474,IN,25km
glc-2569,2010-10-08,25.2745,94.0212,IN,5km
glc-2423,2010-09-13,23.73504471,92.71060943,IN,1km
glc-3532,2011-05-24,25.0888,92.8551,IN,10km
glc-4505,2012-08-21,27.404,87.065,NP,5km
glc-2345,2010-08-27,27.3392,88.6188,IN,5km
glc-4580,2012-10-01,27.4191,87.2714,NP,25km
glc-7956,2015-09-05,26.048,91.8695,IN,1km
glc-5213,2013-07-27,24.3599,85.6179,IN,1km
glc-7924,2015-09-01,21.47819035,91.96737514,BD,5km
glc-2425,2010-09-13,23.3439,93.0748,IN,25km
glc-6970,2015-06-16,25.5084,90.2191,IN,1km
glc-5312,2013-08-11,26.7103,94.693,IN,10km
glc-9164,2016-07-24,27.1979,87.0809,NP,1km
glc-1929,2010-05-31,27.3543,88.6428,IN,5km
glc-2568,2010-10-08,24.7679,93.4108,IN,25km
glc-6277,2014-06-15,20.7916,97.0484,MM,10km
glc-4889,2013-05-31,27.7366,85.3305,NP,1km
glc-9180,2016-06-07,27.8027,85.9149,NP,5km
glc-7409,2015-08-02,25.72,94.6219,IN,10km
glc-1777,2010-04-23,29.176,97.7991,CN,unknown
glc-9219,2016-07-26,26.0101,94.5282,IN,5km
glc-2143,2010-07-26,27.8878,98.8075,CN,unknown
glc-9027,2016-07-12,25.6566,96.3495,MM,5km
glc-3714,2011-07-03,27.1722,87.0479,NP,5km
glc-274,2007-09-20,27.0875,88.4572,IN,50km
glc-2579,2010-10-09,25.682,94.1076,IN,1km
glc-7005,2015-06-25,28.172,85.0852,NP,1km
glc-5488,2013-09-09,27.7757,85.9614,NP,5km
glc-1225,2009-10-06,27.0524,90.4997,BT,unknown
glc-8223,2015-09-14,23.7348,92.7187,IN,5km
glc-475,2008-03-09,27.1936,99.4527,CN,25km
glc-6753,2015-02-08,22.202,92.2217,BD,50km
glc-2110,2010-07-21,26.8599,89.3943,BT,10km
glc-6982,2015-06-11,24.9016,91.8771,BD,5km
glc-7281,2015-07-27,20.9383,92.2195,BD,10km
glc-2399,2010-09-06,27.8143,85.8315,NP,25km
glc-720,2008-08-16,22.9,96.48,MM,25km
glc-7090,2015-04-25,28.2064,85.575,NP,25km
glc-7336,2015-08-19,25.2193,90.5549,IN,10km
glc-9252,2016-07-28,27.5748,91.8644,IN,5km
glc-626,2008-07-03,21.44,92,BD,5km
glc-657,2008-07-22,27.6,87.24,NP,25km
glc-254,2007-09-10,27.0971,90.4032,BT,50km
glc-582,2008-06-11,22.9231,96.5016,MM,10km
glc-7038,2015-07-01,26.8781,88.2807,IN,10km
glc-5300,2013-08-09,25.318,94.0441,IN,50km
glc-7665,2015-08-11,24.7016,93.5291,IN,5km
glc-133,2007-07-21,23.9304,88.2374,IN,50km
glc-6135,2014-07-10,24.9936,98.4927,CN,50km
glc-5218,2013-07-28,22.3521,91.8151,BD,1km
glc-5469,2013-09-06,26.9318,87.3201,NP,5km
glc-1994,2010-06-16,25.0633,92.8025,IN,25km
glc-3760,2011-07-11,25.6703,94.1095,IN,25km
glc-1980,2010-06-15,22,92.3333,BD,unknown
glc-9587,2016-10-12,26.8692,88.4695,IN,25km
glc-5168,2013-07-22,27.7713,86.166,NP,50km
glc-9526,2016-10-01,27.7759,85.8701,NP,5km
glc-1104,2009-08-19,26.8042,88.125,NP,10km
glc-7223,2015-07-19,22.3507,91.8147,BD,1km
glc-7139,2015-07-07,26.8826,88.2806,IN,5km
glc-2116,2010-07-22,27.0674,89.5615,BT,10km
glc-692,2008-08-07,25.705,94.04,IN,10km
glc-3633,2011-06-20,26.3186,94.5121,IN,5km
glc-3717,2011-07-03,27.26132994,86.77220558,NP,10km
glc-7374,2015-08-01,25.1122,94.3591,IN,10km
glc-4446,2012-07-05,28.9986,94.8885,IN,5km
glc-2341,2010-08-26,27.2319,88.497,IN,10km
glc-2098,2010-07-19,26.7215,95.0283,IN,5km
glc-5471,2013-09-06,26.8988,87.2773,NP,10km
glc-7718,2015-08-21,22.1909,92.2135,BD,1km
glc-269,2007-09-18,27.2872,88.2816,IN,50km
glc-2205,2010-08-06,23.7365,92.7146,IN,1km
glc-2109,2010-07-21,27.0502,89.9442,BT,25km
glc-4610,2012-11-11,23.7705,92.5217,IN,5km
glc-6126,2014-07-06,26.6432,99.5666,CN,unknown
glc-5275,2013-08-04,26.1498,94.6055,IN,10km
glc-1260,2009-10-15,27.3144,89.545,BT,5km
glc-6138,2014-07-13,27.9411,85.6838,NP,10km
glc-246,2007-09-08,23.9,99.0333,CN,25km
glc-8911,2016-07-07,27.7009,86.726,NP,10km
glc-9138,2016-07-21,26.9015,88.4719,IN,1km
glc-1031,2009-05-26,26.8836,88.2791,IN,5km
glc-8708,2015-10-13,22.1334,96.4669,MM,unknown
glc-2247,2010-08-14,26.148,94.8422,IN,10km
glc-227,2007-09-03,27.3258,86.087,NP,10km
glc-727,2008-08-18,22.3421,91.8242,BD,10km
glc-6964,2015-06-17,27.0087,88.443,IN,50km
glc-6136,2014-07-10,19.9024,99.8324,TH,5km
glc-1041,2009-06-22,31.8167,98.6667,CN,1km
glc-683,2008-08-01,24.896,91.9022,BD,50km
glc-3927,2011-08-16,25.5144,90.2167,IN,unknown
glc-678,2008-07-30,25.606,96.275,MM,25km
glc-9260,2016-07-29,27.3027,86.5079,NP,10km
glc-245,2007-09-07,27.5964,85.1114,NP,50km
glc-4431,2012-06-24,21.7684,92.3783,BD,unknown
glc-259,2007-09-11,25.52,91.27,IN,unknown
glc-7359,2015-09-27,22.3605,91.8236,BD,25km
glc-574,2008-06-07,26.7969,89.591,BT,50km
glc-4021,2011-10-20,21.3354,95.0827,MM,5km
glc-6112,2014-06-28,26.1964,91.7652,IN,exact
glc-9605,2016-10-13,26.8772,87.3215,NP,25km
glc-7222,2015-07-19,22.3913,91.8177,BD,5km
glc-7039,2015-07-01,27.0678,88.456,IN,1km
glc-231,2007-09-05,27.06826195,88.28121204,IN,5km
glc-7390,2015-08-01,24.4265,94.1913,IN,25km
glc-7081,2015-07-05,27.0483,86.3248,NP,5km
glc-7036,2015-07-01,26.8352,88.1881,IN,5km
glc-1106,2009-08-20,26.8992,88.1667,IN,1km
glc-2420,2010-09-13,23.72988966,92.71495623,IN,1km
glc-264,2007-09-13,26.1833,91.8,IN,10km
glc-2034,2010-07-04,26.8712,88.3052,IN,exact
glc-251,2007-09-09,27.1667,88.35,IN,50km
glc-4347,2012-05-03,29.4903,90.9352,CN,25km
glc-6214,2014-10-05,25.9702,91.8587,IN,5km
glc-9327,2016-05-20,27.8187,85.7734,NP,5km
glc-3944,2011-08-25,27.7344,88.633,IN,10km
glc-788,2008-09-12,27.7167,85.15,NP,10km
glc-10022,2016-08-09,26.7903,88.11,,10km
glc-4411,2012-06-14,27.339,88.6065,IN,5km
glc-9683,2011-07-03,27.21819015,86.91913823,NP,25km
glc-6557,2014-08-29,27.8315,85.1638,NP,5km
glc-252,2007-09-09,25.4993,94.1192,IN,25km
glc-142,2007-07-27,25.5212,90.232,IN,10km
glc-7384,2015-08-01,23.9278,94.0906,IN,5km
glc-630,2008-07-06,27.92,85.19,NP,50km
glc-211,2007-08-26,24.9667,93.55,IN,5km
glc-1990,2010-06-15,20.87,92.5275,MM,25km
glc-2374,2010-09-02,27.7745,85.2401,NP,5km
glc-7099,2015-05-03,27.8287,85.5763,NP,10km
glc-4384,2012-06-03,25.1775,93.0123,IN,5km
glc-1989,2010-06-15,20.8287,92.4063,MM,10km
glc-1974,2010-06-15,21.06313524,92.19566765,BD,5km
glc-7033,2015-06-29,27.0161,88.2478,IN,1km
glc-4383,2012-06-03,25.3056,93.1265,IN,5km
glc-6758,2015-02-09,24.3311,91.5642,BD,10km
glc-233,2007-09-05,27.7667,85.7,NP,25km
glc-7375,2015-08-01,25.1941,94.4481,IN,25km
glc-2163,2010-07-29,25.4196,94.1054,IN,5km
glc-6967,2015-06-13,27.0165,88.2476,IN,1km
glc-2373,2010-09-02,27.7838,85.8369,NP,5km
glc-3932,2011-08-18,25.83,94.13,IN,exact
glc-4861,2013-05-12,24.9926,93.4946,IN,25km
glc-1093,2009-08-16,26.88211522,88.3195318,IN,5km
glc-7972,2015-08-28,23.4495,92.8112,IN,25km
glc-3831,2011-07-22,24.7992,93.948,IN,unknown
glc-5394,2013-08-23,22.9167,93.6833,MM,5km
glc-5584,2013-10-06,26.1665,91.7049,IN,5km
glc-1986,2010-06-15,26.3335,94.5512,IN,1km
glc-7387,2015-08-01,24.954,94.2156,IN,50km
glc-7002,2015-06-26,22.2144,92.235,BD,25km
glc-3778,2011-07-15,27.9512,85.6846,NP,5km
glc-2573,2010-10-09,25.1796,93.0083,IN,5km
glc-319,2007-10-19,25.4379,94.1162,IN,50km
glc-6846,2015-03-08,25.6183,96.2964,MM,50km
glc-313,2007-10-16,25.7055,94.0132,IN,5km
glc-9010,2016-07-16,27.3034,93.804,IN,5km
glc-2539,2010-10-03,28.3092,95.4149,IN,25km
glc-6331,2014-09-08,25.9466,94.6279,IN,25km
glc-5485,2013-09-08,27.6047,88.6463,IN,50km
glc-4554,2012-09-15,26.8597,89.3903,BT,50km
glc-94,2007-06-15,26.8096,88.526,IN,25km
glc-2572,2010-10-08,27.6291,87.9436,NP,25km
glc-1987,2010-06-15,25.2269,93.1658,IN,25km
glc-2043,2010-07-06,26.7225,95.0281,IN,5km
glc-7910,2015-08-01,24.3481,94.1146,IN,10km
glc-606,2008-06-24,28.18,85.11,NP,25km
glc-6775,2015-02-14,26.1468,91.6469,IN,5km
glc-1776,2010-04-21,25.3612,92.2845,IN,25km
glc-6786,2015-02-19,24.6108,92.562,IN,5km
glc-6291,2014-09-21,25.7354,90.3852,IN,25km
glc-6213,2014-09-24,25.8143,90.5763,IN,unknown
glc-2415,2010-09-12,25.63961883,94.11112157,IN,25km
glc-9336,2016-05-18,24.5308,92.5121,IN,1km
glc-9604,2016-10-12,27.2676,88.2891,IN,10km
glc-1170,2009-09-18,26.8342,88.2798,IN,50km
glc-768,2008-08-31,27.4385,87.0898,NP,50km
glc-7837,2015-08-27,23.7269,92.7265,IN,5km
glc-4309,2012-04-06,27.256,90.5257,BT,25km
glc-7267,2015-07-22,25.3908,94.0926,IN,10km
glc-84,2007-06-11,22.3555,91.8205,BD,25km
glc-4848,2013-05-08,24.0896,91.4663,IN,5km
glc-3617,2011-06-17,26.84850975,88.26181745,IN,5km
glc-2328,2010-08-24,27.1303,87.8711,NP,25km
glc-9122,2016-07-20,26.1966,91.802,IN,5km
glc-11152,2017-04-06,25.08303063,94.23757741,,exact
glc-1175,2009-09-19,27.425,87.0569,NP,5km
glc-7058,2015-05-12,27.7368,86.1636,NP,10km
glc-2574,2010-10-09,25.4749,93.1477,IN,50km
glc-6282,2014-09-22,26.1097,91.7747,IN,5km
glc-2263,2010-08-17,26.2753,94.6654,IN,25km
glc-620,2008-06-30,27.0771,88.482,IN,5km
glc-6289,2014-09-22,26.1001,91.6849,IN,5km
glc-9087,2016-07-19,28.235,94.9612,IN,50km
glc-5076,2013-07-10,27.62,86.84,NP,5km
glc-2279,2010-08-19,26.9722,88.4481,IN,10km
glc-6172,2014-07-22,24.7594,97.5634,MM,5km
glc-6459,2014-08-04,27.4083,87.2739,NP,10km
glc-1030,2009-05-26,27.04357147,88.26522126,IN,25km
glc-9295,2016-07-31,27.1748,86.775,NP,50km
glc-130,2007-07-19,26.1699,91.7986,IN,25km
glc-10064,2016-09-11,27.357968,85.975127,,50km
glc-10884,2017-06-21,27.61274095,85.09556375,,10km
glc-11167,2017-07-09,27.11610665,93.79559574,,10km
glc-10980,2017-04-04,25.181453,93.118105,,1km
glc-10983,2017-03-16,25.178619,92.012806,,5km
glc-10964,2016-11-01,24.506937,91.588893,,5km
glc-10988,2017-07-09,25.82601444,91.87113067,,1km
glc-11182,2017-07-08,27.02099026,89.90712175,,25km
glc-10889,2016-09-12,28.18269,85.343049,,exact
glc-10890,2016-09-12,28.2622,85.373125,,1km
glc-11176,2017-06-20,28.10756941,94.18315697,,5km
glc-10955,2017-06-18,22.97758595,91.80439129,,10km
glc-10891,2016-09-12,27.140584,86.398964,,10km
glc-11150,2017-03-30,24.79591421,93.72386429,,10km
glc-11179,2017-07-08,27.02856666,89.57220662,,50km
glc-10954,2017-03-27,20.944738,85.156627,,5km
glc-10957,2017-06-09,22.90813548,92.47207294,,100km
glc-10985,2017-06-17,25.43807422,91.79904872,,1km
glc-11185,2016-09-21,27.340009,87.196504,,5km
glc-10989,2017-02-15,25.51826286,91.9630294,,1km
glc-10974,2017-04-05,26.16066111,91.85294885,,5km
glc-11013,2017-09-26,19.7295408,99.071045,,5km
glc-11175,2017-05-03,27.82743132,93.62407259,,1km
glc-11180,2017-07-08,27.51353298,89.79033898,,10km
glc-10962,2017-06-17,23.65637182,93.02746602,,5km
glc-10982,2017-03-06,25.092576,91.763689,,10km
glc-11164,2017-07-09,27.1071241,93.65156438,,5km
glc-11184,2016-09-21,26.985606,87.322163,,10km
glc-10977,2017-04-04,25.481623,93.141692,,50km
glc-11153,2017-07-09,24.83507319,93.89896294,,5km
glc-11168,2017-07-11,27.21668161,93.63051815,,1km
glc-10967,2017-07-10,24.37169581,93.70684171,,25km
glc-10987,2017-06-17,25.67836832,91.9234343,,5km
glc-10886,2017-07-09,27.56884999,85.50492198,,10km
glc-11172,2017-07-09,27.0844941,93.60505989,,5km
glc-10984,2017-03-08,25.167803,92.019575,,5km
glc-10966,2017-06-18,24.70412149,92.23034662,,5km
glc-10979,2017-04-04,25.195355,93.172758,,1km
glc-10963,2017-06-12,23.33501164,92.85410625,,10km
glc-10981,2017-01-23,25.08734272,91.75063827,,1km
glc-10968,2017-07-09,24.27173018,93.28039349,,1km
glc-11177,2017-07-11,27.583849,91.876945,,5km
glc-11158,2017-07-12,25.69111465,94.09483333,,1km
glc-11183,2017-07-10,27.360364,88.651914,,100km
glc-10969,2017-03-19,23.32140323,93.75079688,,5km
glc-11170,2017-07-09,27.14163897,93.66495709,,5km
glc-11169,2017-07-09,27.05957271,93.50102778,,10km
glc-10958,2017-03-16,22.64753,92.15455,,5km
glc-11171,2017-04-26,27.104022,93.61156568,,1km
glc-10976,2017-04-04,25.118398,92.853913,,1km
glc-10953,2016-10-24,20.83341,86.035008,,1km
glc-10970,2017-02-09,25.61953667,96.3086022,,1km
glc-10978,2017-04-04,25.132228,93.04681,,1km
glc-11165,2017-07-09,27.092916,93.61882043,,exact
glc-11159,2017-07-09,25.6320357,94.10065403,,10km
glc-10959,2017-03-16,23.438189,91.125374,,5km
glc-11178,2017-06-18,26.96437841,92.78260587,,10km
glc-11163,2017-07-10,26.95223279,93.85748748,,1km
glc-10961,2017-04-25,24.0135808,92.67420963,,50km
glc-11156,2017-05-16,25.73318099,93.99655231,,1km
glc-11161,2017-06-24,26.66354481,94.62220277,,5km
glc-10864,2017-02-07,25.64319355,89.45570226,,10km
glc-11155,2017-07-08,25.72019272,94.03225673,,5km
glc-10888,2017-07-10,28.13673979,85.31637561,,5km
glc-11154,2017-04-07,25.77171292,93.93507183,,5km
glc-10885,2017-06-21,27.48969875,85.05138733,,5km
glc-10965,2017-06-19,24.33197035,91.8008536,,1km
glc-10956,2017-06-18,22.84756674,91.95656252,,25km
glc-10986,2017-07-06,25.82860033,91.876717,,1km
glc-11166,2017-07-09,27.07671517,93.59755441,,5km
glc-11181,2017-07-08,27.04040393,89.90633458,,5km
glc-10960,2016-09-17,23.725943,92.7178,,5km
glc-11157,2017-07-09,25.73111942,93.98827528,,1km
glc-11151,2017-07-08,25.06466676,94.27420555,,100km
glc-11160,2017-07-10,26.2632687,94.81481951,,5km
glc-11174,2017-04-22,27.6802471,93.62592773,,1km
glc-10865,2017-07-08,27.16009861,91.6036289,,25km
glc-11149,2017-07-09,24.82767572,93.51825,,10km
glc-11173,2017-04-22,27.61790706,93.84196894,,10km
glc-10975,2017-04-29,25.61919207,92.7094701,,25km
glc-11162,2017-07-09,26.56636244,93.13195098,,5km
glc-10973,2016-12-15,26.181606,91.772042,,1km
rimbi-2026-08-13,2026-08-13,27.3148,88.1859,IN,1km
rimbi-2026-08-14,2026-08-14,27.3148,88.1859,IN,1km
rimbi-2026-09-24,2026-09-24,27.3148,88.1859,IN,1km
