label,sample_type,event_id,date,month,lat,lng,accuracy_km,state,rain_d0,rain_d1,rain_3d,rain_7d,rain_15d,rain_30d,api_30d,max_1h_48h,rainy_days_7d,power_rain_d0,power_rain_3d,power_rain_7d,power_rain_30d,sm_top,sm_mid,sm_deep,tmax_d0,tmin_d0,snowfall_7d,elev_m,slope_deg,aspect_deg,northness,eastness,curvature,relief_1km,quake_max_mmi_30d,quake_count_300km_30d,quake_max_mag_300km_30d,weather_source,weather_grid_lat,weather_grid_lng,clim_month_mm_day,clim_annual_mm_day,rain_3d_vs_normal,rain_7d_vs_normal,rain_30d_vs_normal,past_landslides_5km,past_landslides_15km,dist_road_m,dist_major_river_m,ndvi_before,ndvi_date
0,nearby_place_same_date,glc-57,2007-04-11,4,27.466,88.748,5,,3.5,6.8,16.9,63.9,91,184.5,70.624,1.2,7,0.01,8.45,9.91,15.07,0.42,0.422,0.424,5.7,-4.3,14.21,4052,5.16,56.094,0.558,0.83,-0.28,412,1,0,,open-meteo-era5,27.452,88.792,1.89,2.99,2.9805996472663137,4.829931972789116,3.2539682539682544,0,0,3000,2562.8805715849217,0.018500000000000003,2007-03-22
0,nearby_place_same_date,glc-211,2007-08-26,8,25.075,93.616,5,Manipur,68.7,16.9,96.5,115.8,153.9,202.5,58.763,6.7,7,5.9,7.74,30.56,114.31,0.423,0.421,0.397,20.2,19.1,0,1140,14.785,316.478,0.725,-0.689,0.631,254,1.716,6,4.8,open-meteo-era5,25.062,93.588,6.15,3.7,5.230352303523034,2.689895470383275,1.0975609756097562,0,0,518.5446409715802,2301.566161942779,0.8795000000000001,2007-07-28
0,nearby_place_same_date,glc-231,2007-09-05,9,27.264,87.944,5,West Bengal,106.6,34.9,162.7,223.2,288.4,591.6,156.154,10.3,7,19.72,39.91,73.64,204.42,0.427,0.428,0.429,21.6,18.2,0,1517,24.381,129.289,-0.633,0.774,0.356,385,4.836,2,5,open-meteo-era5,27.241,87.893,5.35,3.01,10.137071651090343,5.959946595460615,3.685981308411215,0,0,1762.0721047034867,1863.9966939533374,0.8855000000000001,2007-08-13
0,nearby_place_same_date,glc-313,2007-10-16,10,25.588,93.782,5,Nagaland,20.4,22.9,53.8,97.5,232.8,358.1,140.34,4,7,15.77,31.91,39.47,88.92,0.481,0.5,0.482,18.1,16.3,0,1376,24.574,250.224,-0.338,-0.941,-0.524,508,1.612,4,4.5,open-meteo-era5,25.554,93.811,3.24,3.58,5.534979423868312,4.298941798941799,3.6841563786008233,0,0,1258.333279494942,1648.5227540548663,0.9188000000000001,2007-09-14
0,nearby_place_same_date,glc-614,2008-06-29,6,26.941,88.038,5,West Bengal,16.3,12,54.9,89.4,213.7,486,149.817,2.4,7,16.41,28.7,45.92,290.72,0.425,0.426,0.428,20.7,16.6,0,1559,20.547,146.984,-0.839,0.545,0.057,341,1,1,4.1,open-meteo-era5,26.96,88.002,7.82,4.23,2.340153452685422,1.6331750091340884,2.071611253196931,0,0,3000,3000,0.8836,2008-06-09
0,nearby_place_same_date,glc-620,2008-06-30,6,27.022,88.577,5,West Bengal,16.5,11.2,42,120.5,248,486,162.795,2.1,7,7.1,31.68,46.13,307.95,0.423,0.424,0.432,20.3,17.3,0,1452,25.475,155.41,-0.909,0.416,-0.968,488,1,1,4.1,open-meteo-era5,27.03,88.6,8.99,4.67,1.5572858731924362,1.914825997139679,1.8020022246941045,0,0,245.04661250497273,2836.9735333831018,0.11850000000000001,2008-06-09
0,nearby_place_same_date,glc-1032,2009-05-26,5,26.985,87.94,5,West Bengal,148.2,31.8,182.4,236.1,277.1,347.3,93.38,13.7,7,99.34,122.1,123.02,203.57,0.42,0.401,0.301,19.2,16.3,0,1598,19.193,103.206,-0.228,0.974,0.067,346,1,0,,open-meteo-era5,26.96,88.002,4.64,4.23,13.103448275862071,7.269088669950739,2.4949712643678166,0,0,3000,3000,0.7286,2009-04-23
0,nearby_place_same_date,glc-1037,2009-06-17,6,27.038,88.396,5,West Bengal,36.1,3,42.2,54.8,83.1,316.4,51.724,4.3,7,0.06,1.88,10.08,178.63,0.405,0.403,0.398,23.2,18.6,0,1258,24.649,140.194,-0.768,0.64,-0.173,637,1,0,,open-meteo-era5,27.03,88.4,8.99,4.67,1.5647015202076382,0.8708088352137295,1.1731553578049685,0,7,7.185142601665171,3000,0.7817000000000001,2009-05-25
0,nearby_place_same_date,glc-1061,2009-07-01,7,27.456,88.906,1,,51.5,17.8,96.2,250,312.4,394.7,193.572,5.5,7,17.12,24.76,41.67,68.66,0.424,0.424,0.426,15.9,12.1,0.21,3322,13.103,165.01,-0.966,0.259,0.705,447,1.007,0,,open-meteo-era5,27.381,88.994,9.15,2.99,3.5045537340619304,3.9032006245121003,1.4378870673952642,0,0,325.9415346814751,3000,0.1116,2009-06-10
0,nearby_place_same_date,glc-1084,2009-08-12,8,27.805,92.898,5,Arunachal Pradesh,152.5,30.6,213,265.7,808.8,1584.9,418.483,11.7,7,31.75,69.22,92.25,310.76,0.427,0.426,0.428,15.7,13.8,0,2530,14.305,253.142,-0.29,-0.957,-0.243,602,1.991,0,,open-meteo-era5,27.803,92.936,8.32,4.05,8.533653846153847,4.562156593406593,6.349759615384615,0,0,3000,2818.822101551706,0.41900000000000004,2009-07-12
0,nearby_place_same_date,glc-1094,2009-08-16,8,26.877,88.486,0.5,West Bengal,30.7,21.8,124.4,223.3,387.7,641.8,255.316,2.4,7,33.17,47.52,85.74,393.19,0.428,0.425,0.426,25.4,24.5,0,141,2.535,186.34,-0.994,-0.11,-0.086,60,2.141,0,,open-meteo-era5,26.889,88.503,10.97,4.67,3.780006077180188,2.907930720145852,1.9501671224551804,1,2,630.5917646846822,832.0507423226343,0.44470000000000004,2009-07-28
0,nearby_place_same_date,glc-1090,2009-08-16,8,27.119,88.13,5,West Bengal,37.1,17,127.5,222.9,387.2,696,258.568,5.1,7,15.93,28.57,61.51,342.4,0.424,0.423,0.426,22.4,20.4,0,1294,38.22,352.223,0.991,-0.135,0.97,596,2.258,0,,open-meteo-era5,27.17,88.196,10.23,4.23,4.1544477028347995,3.112693757855048,2.2678396871945257,0,0,492.0703219649563,287.58638841799694,0.6441,2009-07-28
0,nearby_place_same_date,glc-1111,2009-08-20,8,27.256,88.426,5,West Bengal,46.3,38.9,115.4,615.8,986,1853.6,666.336,7.1,7,38.49,88.84,112.67,297.18,0.426,0.43,0.419,24.9,21.8,0,672,38.414,352.446,0.991,-0.131,0.308,596,2.258,0,,open-meteo-era5,27.17,88.396,7.27,2.99,5.291150848234755,12.100609157005305,8.498853736817972,0,3,704.2449613308539,1586.1906646685102,0.8516,2009-07-28
0,nearby_place_same_date,glc-1106,2009-08-20,8,26.818,87.856,1,West Bengal,106.2,34.5,181.1,293.6,460.6,674.3,235.812,10.8,7,61.76,146.77,195.56,466.42,0.427,0.427,0.427,23.7,22.5,0,420,15.408,52.927,0.603,0.798,0.019,248,2.197,0,,open-meteo-era5,26.819,87.807,10.23,4.23,5.9009449332029975,4.0999860354699065,2.1971326164874547,0,0,3000,3000,0.7806000000000001,2009-07-28
0,nearby_place_same_date,glc-1168,2009-09-17,9,27.185,88.501,5,Sikkim,11.8,7.4,24.8,125.9,183.6,396.3,118.053,2.8,7,4.39,10.49,13.42,225.29,0.408,0.407,0.41,28.4,24.5,0,364,4.126,170.218,-0.985,0.17,0.077,221,1.89,0,,open-meteo-era5,27.17,88.497,8.78,4.67,0.9415337889141991,2.048486820696388,1.5045558086560367,3,9,231.5612372614639,298.025113167217,0.6892,2009-08-29
0,nearby_place_same_date,glc-1222,2009-10-05,10,23.665,92.785,5,Mizoram,28.3,17.3,87.2,94.3,230,353.8,120.856,4.4,5,16.64,63.8,74.72,226.3,0.425,0.424,0.406,28.1,23.2,0,321,21.369,63.045,0.453,0.891,0.1,409,2.933,0,,open-meteo-era5,23.656,92.753,3.37,3.28,8.625123639960435,3.9974565493853325,3.499505440158259,0,0,3000,544.88898498923,0.8477,2009-09-14
0,nearby_place_same_date,glc-1596,2010-03-27,3,24.978,94.081,5,Manipur,1.4,0,1.4,2.2,4,36.6,5.031,0.9,1,14.12,18.89,23.35,41.11,0.26,0.283,0.311,29.5,17.5,0,875,14.773,191.31,-0.981,-0.196,-0.398,242,2.903,2,5.5,open-meteo-era5,24.991,94.069,1.66,3.7,0.28112449799196787,0.18932874354561105,0.7349397590361446,0,0,66.42217135374582,124.12558917396002,0.40440000000000004,2010-03-06
0,nearby_place_same_date,glc-1613,2010-04-02,4,27.647,93.507,1,Arunachal Pradesh,41.3,34.1,108.2,216.5,350.7,530.7,210.232,4,7,11.69,32.15,71.38,140.7,0.428,0.428,0.429,13.7,9.6,0,2135,29.57,179.627,-1,0.007,-0.174,412,1.969,0,,open-meteo-era5,27.663,93.434,6.62,6.66,5.448136958710977,4.671989641778161,2.6722054380664657,0,0,3000,3000,0.7989,2010-03-06
0,nearby_place_same_date,glc-1929,2010-05-31,5,27.413,88.8,5,Sikkim,2.9,5.2,11.4,31,126.7,248.4,78.727,1.2,6,4.53,9.04,21.88,124.71,0.414,0.415,0.415,7.3,0.6,0,4536,16.884,156.132,-0.914,0.405,0.483,324,1.715,1,4.9,open-meteo-era5,27.452,88.792,3.57,2.99,1.0644257703081235,1.2404961984793919,2.319327731092437,0,1,1241.3919275585354,2026.2000059124862,0.0077,2010-05-09
0,nearby_place_same_date,glc-1935,2010-06-03,6,23.908,91.972,5,Tripura,2.3,3.5,8.4,93.1,206.7,301,115.057,0.7,7,40.65,82.29,196.52,497.9,0.403,0.406,0.412,32.1,26.5,0,81,8.366,81.607,0.146,0.989,-0.428,88,1,0,,open-meteo-era5,23.937,92.002,14.66,6.33,0.19099590723055934,0.9072305593451568,0.6844020009095043,0,0,3000,1843.3272637934792,0.6998000000000001,2010-05-09
0,nearby_place_same_date,glc-1986,2010-06-15,6,26.253,94.598,1,Nagaland,20.3,12.6,45.9,82,435.9,665,203.765,4,7,40.07,75.47,135.07,370.59,0.486,0.494,0.478,23.3,19.2,0,1444,11.68,186.415,-0.994,-0.112,1.22,484,1.601,2,4.6,open-meteo-era5,26.257,94.643,9.94,4.8,1.539235412474849,1.178499568841621,2.2300469483568075,0,0,2102.3933047174955,2178.8306252117345,0.6995,2010-05-25
0,nearby_place_same_date,glc-2025,2010-06-28,6,25.497,91.942,5,Meghalaya,68.2,46,179.4,320,503.6,789,313.023,6.4,7,49.93,121.2,150.53,653.89,0.478,0.496,0.489,21.5,18.1,0,1679,10.425,3.764,0.998,0.066,-0.14,187,1,0,,open-meteo-era5,25.483,91.952,19.13,8.33,3.12598013591218,2.3896647001717573,1.374803972817564,0,0,798.8671289515681,882.4224709351195,0.8142,2010-06-10
0,nearby_place_same_date,glc-2034,2010-07-04,7,26.783,88.052,0.5,West Bengal,13.9,23.3,88,137,379,493.6,231.923,3.3,7,24.76,60.25,122.95,314.98,0.427,0.428,0.43,27.2,22.5,0,642,7.873,144.345,-0.813,0.583,0.325,138,1,0,,open-meteo-era5,26.819,88.007,13.51,4.23,2.1712311867752283,1.4486623665010046,1.2178633111275599,0,0,3000,3000,0.4431,2010-06-10
0,nearby_place_same_date,glc-2045,2010-07-06,7,26.057,94.802,5,Nagaland,6,3.8,22.5,87.6,181,367.3,123.598,0.8,7,9.26,32.72,75.34,355.44,0.469,0.475,0.498,24,18.2,0,1500,36.616,101.971,-0.207,0.978,-0.914,645,1.962,4,4.4,open-meteo-era5,26.116,94.83,8.85,3.91,0.8474576271186441,1.414043583535109,1.3834274952919021,0,0,3000,2261.9382909830656,0.3064,2010-06-10
0,nearby_place_same_date,glc-2044,2010-07-06,7,25.734,94.788,5,Nagaland,11.4,3.9,35.3,88.3,166.5,420.9,122.498,1,7,5.42,21.74,71.25,308.19,0.426,0.427,0.425,23.9,19.2,0,1370,25.256,350.997,0.988,-0.156,-0.459,538,2.095,3,4.4,open-meteo-era5,25.694,94.799,6.97,3.08,1.688187470109995,1.8097970895675344,2.012912482065997,0,0,192.54959408273317,3000,0.4585,2010-06-10
0,nearby_place_same_date,glc-2042,2010-07-06,7,26.147,94.796,5,Nagaland,3.2,4.1,17,88.5,202.6,380.3,133.374,1.1,7,9.26,32.72,75.34,355.44,0.469,0.475,0.498,25.4,19.6,0,1330,27.497,104.458,-0.25,0.968,-0.066,493,1.894,4,4.4,open-meteo-era5,26.116,94.83,8.85,3.91,0.64030131826742,1.4285714285714286,1.432391713747646,0,0,3000,569.5066731785678,0.28140000000000004,2010-06-10
0,nearby_place_same_date,glc-2043,2010-07-06,7,26.692,95.208,5,Nagaland,13.1,7.1,32.8,141.3,323.4,600,195.557,3.9,7,13.18,37.16,73.13,373.06,0.425,0.426,0.424,27.5,22.3,0,912,13.588,11.65,0.979,0.202,0.839,285,1.451,4,4.4,open-meteo-era5,26.749,95.177,10.5,4.65,1.0412698412698411,1.922448979591837,1.9047619047619047,0,0,1818.2575511746088,998.6837697409261,0.803,2010-06-10
0,nearby_place_same_date,glc-2098,2010-07-19,7,26.822,95.199,5,Nagaland,42.7,32.9,82.6,204.4,306.2,661.4,206.208,6,7,12.44,62.14,117.51,363.79,0.429,0.429,0.427,26.2,22.8,0,690,21.509,316.759,0.728,-0.685,-0.65,360,1.333,3,4.4,open-meteo-era5,26.819,95.183,12.42,5.42,2.2168545356951155,2.351046698872786,1.7750939345142243,0,0,3000,3000,0.5778,2010-06-26
0,nearby_place_same_date,glc-2163,2010-07-29,7,25.261,94.201,5,Nagaland,25.1,7.3,33.8,90.8,190.8,329.7,99.343,3.2,7,17.06,32.41,58.35,246.28,0.483,0.481,0.483,21.1,17.6,0,1553,13.967,106.327,-0.281,0.96,-0.158,600,1.157,2,4.4,open-meteo-era5,25.272,94.184,7.3,3.58,1.54337899543379,1.7769080234833659,1.5054794520547945,0,0,3000,2777.355069948295,0.5495,2010-06-26
0,nearby_place_same_date,glc-2201,2010-08-05,8,27.062,88.418,5,West Bengal,1.4,3.9,6.9,103.7,250.8,964,201.753,0.5,7,1.48,5.92,44.29,438.02,0.405,0.406,0.395,29.8,23.8,0,476,17.52,74.94,0.26,0.966,0.058,408,1.278,2,4.6,open-meteo-era5,26.96,88.502,10.97,4.67,0.2096627164995442,1.3504362547206668,2.929200850805226,2,9,3.287423009569808,754.4426039706533,0.5274,2010-07-12
0,nearby_place_same_date,glc-2205,2010-08-06,8,23.384,92.776,1,Mizoram,12.6,16.1,45.3,81.8,180.4,314.8,112.586,7.8,7,0.38,16.06,42.25,234.39,0.424,0.426,0.426,26.3,19.9,0,966,22.46,316.63,0.727,-0.687,0.126,346,2.149,2,4.6,open-meteo-era5,23.374,92.836,5.96,3.28,2.533557046979866,1.9606903163950145,1.7606263982102908,0,0,1983.0890501954723,3000,0.5790000000000001,2010-07-12
0,nearby_place_same_date,glc-2243,2010-08-13,8,25.544,94.277,5,Nagaland,11.6,9.1,38.3,53.2,163.2,383.3,99.641,5.7,6,12.04,15.29,19.64,194.71,0.475,0.492,0.473,22.1,16.1,0,1923,33.376,356.214,0.998,-0.066,0.15,566,1.799,6,4.6,open-meteo-era5,25.554,94.3,6.16,3.4,2.0725108225108224,1.2337662337662336,2.0741341991341993,0,0,141.87260306210206,3000,0.2144,2010-07-12
0,nearby_place_same_date,glc-2282,2010-08-19,8,26.125,95.127,1,Nagaland,58.2,36.1,105.3,273.8,349.8,657.8,231.28,7.6,7,13.74,29.82,94.99,276.17,0.458,0.472,0.488,20.1,14.7,0,2411,29.104,117.403,-0.46,0.888,-0.368,461,1.926,4,4.6,open-meteo-era5,26.116,95.126,7.64,3.91,4.5942408376963355,5.11967090501122,2.869982547993019,0,0,3000,3000,0.131,2010-07-28
0,nearby_place_same_date,glc-2283,2010-08-19,8,24.916,93.364,5,Manipur,9.2,2.8,16.2,131.2,180,318,119.035,1.2,7,10.39,25.98,63.54,246.04,0.415,0.416,0.424,26.5,22.5,0,522,23.193,224.091,-0.718,-0.696,-0.444,372,1.161,3,4.1,open-meteo-era5,24.921,93.387,6.15,3.7,0.8780487804878047,3.047619047619047,1.7235772357723578,0,0,3000,2589.9221509694494,0.9355,2010-07-28
0,nearby_place_same_date,glc-2281,2010-08-19,8,25.385,94.105,5,Nagaland,12.2,8.1,23.4,67.7,164.9,417.7,116.704,3,7,10.84,27.29,62.5,191.49,0.488,0.497,0.499,25.7,21.6,0,1073,1.177,,0,0,0.009,171,1.762,4,4.1,open-meteo-era5,25.343,94.091,6.32,3.58,1.2341772151898733,1.5302893309222423,2.2030590717299576,1,2,1295.3146457792968,249.72172914583925,0.7044,2010-07-28
0,nearby_place_same_date,glc-2344,2010-08-27,8,24.625,93.333,5,Assam,8.9,9.1,32.3,73.3,311.8,522.8,149.032,1.7,7,8.57,16.55,35.02,214.71,0.422,0.424,0.428,25.7,20.9,0,746,17.751,250.75,-0.33,-0.944,-0.156,487,1.113,2,4.1,open-meteo-era5,24.64,93.373,5.65,3.47,1.9056047197640114,1.8533501896333753,3.0843657817109142,0,0,3000,3000,0.55,2010-07-28
0,nearby_place_same_date,glc-2343,2010-08-27,8,25.295,94.099,5,Nagaland,9.7,4.3,16.8,34.5,96.1,243.3,57.841,1.5,7,14.5,22.07,36.87,186.68,0.482,0.486,0.494,25.7,20.1,0,1210,16.629,74.785,0.262,0.965,0.344,298,1.812,3,4.1,open-meteo-era5,25.272,94.086,6.32,3.58,0.8860759493670886,0.7798372513562387,1.2832278481012658,0,1,3000,3000,0.933,2010-07-28
0,nearby_place_same_date,glc-2421,2010-09-13,9,24.033,92.731,1,Mizoram,11,4.9,21.9,62.3,105.7,198.7,67.799,3.4,7,11.41,19.1,46.34,235.41,0.416,0.418,0.416,28.2,24.2,0,245,27.734,214.267,-0.826,-0.563,0.091,172,2.428,2,5.1,open-meteo-era5,24.077,92.675,8.38,6,0.8711217183770882,1.062052505966587,0.7903739061256959,0,0,3000,3000,0.4822,2010-08-13
0,nearby_place_same_date,glc-2436,2010-09-16,9,24.352,93.327,5,Mizoram,13.9,15.5,40.5,81.7,152.5,275,97.821,5.1,7,11.4,30.38,48.75,205.38,0.427,0.427,0.429,27.9,22.8,0,284,4.852,291.501,0.367,-0.93,-0.541,89,2.021,2,5.1,open-meteo-era5,24.429,93.266,5.01,3.47,2.694610778443114,2.3296264613629885,1.8296739853626083,0,0,379.7243367860867,583.6753789682273,0.7240000000000001,2010-08-29
0,nearby_place_same_date,glc-2437,2010-09-16,9,23.969,92.715,5,Mizoram,18.1,19.7,50.3,81.3,147.3,229.5,88.476,5.2,7,7.76,34.33,58.77,250.29,0.426,0.428,0.426,25.9,20.9,0,559,20.934,86.424,0.062,0.998,-0.328,387,2.453,2,5.1,open-meteo-era5,23.937,92.765,8.38,6,2.0007955449482893,1.3859529491987725,0.9128878281622911,0,0,842.514221181768,3000,0.5077,2010-08-29
0,nearby_place_same_date,glc-2566,2010-10-08,10,25.209,94.098,5,Nagaland,28.1,19.7,64,76.2,152.4,286.2,84.95,3.1,7,72.74,130.58,135.83,259.09,0.489,0.5,0.472,21,17.8,0,1057,24.959,357.923,0.999,-0.036,-0.102,300,1.531,0,,open-meteo-era5,25.202,94.082,3.66,3.7,5.828779599271402,2.9742388758782203,2.60655737704918,0,0,3000,3000,0.8696,2010-09-14
0,nearby_place_same_date,glc-2567,2010-10-08,10,25.849,94.507,5,Manipur,26.2,23.7,65.1,82.5,146.1,260.7,83.347,3.6,7,36.49,61.06,62.79,251.45,0.492,0.5,0.488,20,15.7,0,1514,10.712,96.988,-0.122,0.993,0.028,358,1.281,0,,open-meteo-era5,25.835,94.515,3.07,3.98,7.068403908794789,3.8389948813401586,2.8306188925081432,0,0,1839.6682746348213,1880.327163462759,0.8663000000000001,2010-09-14
0,nearby_place_same_date,glc-2570,2010-10-08,10,24.917,94.157,5,Manipur,22.7,20,59.1,65.9,98.9,192.9,61.952,2.2,7,72.74,130.58,135.83,259.09,0.467,0.469,0.443,20.9,18.7,0,910,14.219,110.842,-0.356,0.935,0.296,92,1.567,0,,open-meteo-era5,24.921,94.161,3.66,3.7,5.382513661202186,2.572209211553474,1.756830601092896,0,0,483.4507593137932,237.9148714963042,0.4539,2010-09-14
0,nearby_place_same_date,glc-2569,2010-10-08,10,25.074,94.148,5,Nagaland,22.7,20,59.1,65.9,98.9,192.9,61.952,2.2,7,72.74,130.58,135.83,259.09,0.49,0.5,0.487,20.5,17.6,0,980,19.734,307.639,0.611,-0.792,0.38,272,1.541,0,,open-meteo-era5,25.062,94.17,3.66,3.7,5.382513661202186,2.572209211553474,1.756830601092896,0,0,1020.4385315597818,2642.6309295787814,0.8476,2010-09-14
0,nearby_place_same_date,glc-2578,2010-10-09,10,25.625,93.99,5,Nagaland,22.4,26.1,70.2,105.5,196.7,451.6,132.733,3.1,7,26.82,107.81,120.26,258.3,0.486,0.501,0.497,17.8,11.9,0,2245,22.668,241.654,-0.475,-0.88,-0.084,410,1.474,0,,open-meteo-era5,25.624,94.011,3.24,3.58,7.222222222222222,4.651675485008818,4.646090534979424,0,7,1129.8011094778913,2416.0631635166956,0.12440000000000001,2010-09-14
0,nearby_place_same_date,glc-2579,2010-10-09,10,25.927,93.976,1,Nagaland,16.5,25.6,53.4,58.7,71.1,200.3,57.734,3.4,5,19.75,73.87,80.93,248.2,0.486,0.491,0.467,26,20.3,0,179,2.153,20.772,0.935,0.355,0.075,52,1.406,0,,open-meteo-era5,25.975,93.934,3.01,3.86,5.913621262458472,2.785951589938301,2.2181616832779625,0,0,541.0636015322933,2450.9101869313536,0.7891,2010-09-14
0,nearby_place_same_date,glc-2573,2010-10-09,10,25.3,93.199,5,Assam,41.9,32.7,90.4,110.2,162.1,358.4,107.761,7.9,6,26.53,110.95,121.17,276.74,0.481,0.501,0.497,25.5,20.7,0,438,8.335,302.905,0.543,-0.84,0.065,117,1.82,0,,open-meteo-era5,25.343,93.214,3.5,4.22,8.609523809523811,4.497959183673469,3.413333333333333,0,1,3000,2427.3206378018895,0.8812000000000001,2010-09-14
0,nearby_place_same_date,glc-2743,2010-11-22,11,27.711,92.209,1,Arunachal Pradesh,0,0.3,0.3,2.4,10.7,20,6.207,0.1,2,0,7,9.37,9.91,0.377,0.377,0.374,5.1,-11.8,3.99,4099,43.341,49.764,0.646,0.763,-0.107,744,2.511,2,4.6,open-meteo-era5,27.663,92.121,0.29,2.96,0.3448275862068966,1.1822660098522169,2.298850574712644,0,0,3000,618.3094950941957,0.7444000000000001,2010-11-01
0,nearby_place_same_date,glc-3621,2011-06-17,6,26.967,88.356,5,West Bengal,37.1,4.2,50.8,69,223.8,377,101.189,4.6,7,6.37,16.77,28.53,157.85,0.41,0.411,0.411,22.1,17.6,0,1491,18.295,120.455,-0.507,0.862,0.134,464,3.76,1,5,open-meteo-era5,26.96,88.302,8.99,4.67,1.8835743418613273,1.0964563801048783,1.3978494623655915,0,26,203.67898645670283,2010.7333671147449,0.2786,2011-05-25
0,nearby_place_same_date,glc-3632,2011-06-20,6,27.137,88.124,5,West Bengal,11.7,23.2,59.4,147.1,224.5,407.2,163.666,2.1,7,3.98,17.21,36.07,136.87,0.427,0.427,0.429,22.5,17,0,1935,24.762,196.51,-0.959,-0.284,-0.058,582,4.178,1,5,open-meteo-era5,27.1,88.098,7.82,4.23,2.5319693094629154,2.6872488125685057,1.7357203751065642,0,1,383.24950042791,1423.2648300769238,0.8453,2011-05-25
0,nearby_place_same_date,glc-3633,2011-06-20,6,26.499,94.563,5,Nagaland,5.3,3,22.4,102.2,274.2,614.3,177.752,3.3,7,3.79,13.89,32.67,285.78,0.48,0.468,0.484,29.6,25,0,454,26.602,251.124,-0.324,-0.946,0.104,300,1.224,4,4.3,open-meteo-era5,26.538,94.565,9.94,4.8,0.7511737089201878,1.4688128772635816,2.0600268276324614,0,0,397.4114837635467,1275.1076838201977,0.8632000000000001,2011-05-25
0,nearby_place_same_date,glc-3643,2011-06-23,6,27.452,88.013,5,,4.7,11.2,40,122.8,217.7,328.3,139.774,2.1,7,19.64,35.42,52.2,106.42,0.426,0.427,0.428,16.9,11.3,2.59,3264,31.166,290.202,0.345,-0.938,-0.203,841,4.664,1,5,open-meteo-era5,27.452,87.987,5.32,3.01,2.506265664160401,3.2975295381310414,2.057017543859649,0,0,3000,3000,0.1486,2011-05-25
0,nearby_place_same_date,glc-3741,2011-07-07,7,25.502,94.32,5,Nagaland,4.9,12.9,27.9,59.5,221.3,629.7,150.346,7.4,7,2.6,11.26,55.45,247.4,0.477,0.49,0.484,23.5,17.3,0,1538,22.288,66.003,0.407,0.914,0.924,439,1.902,2,4.7,open-meteo-era5,25.483,94.295,7.38,3.4,1.2601626016260161,1.1517615176151763,2.8441734417344176,0,1,1432.495295335177,3000,0.0655,2011-06-10
0,nearby_place_same_date,glc-3794,2011-07-17,7,27.062,88.632,5,Sikkim,21.5,99.1,166.1,278.4,467.8,1133.8,383.788,11.8,7,4.67,26.07,77.64,451.29,0.426,0.433,0.43,19.6,16.1,0,1678,15.588,159.179,-0.935,0.355,0.259,468,1,0,,open-meteo-era5,27.1,88.699,14.36,4.67,3.8556174558960072,2.7695980899323516,2.6318477251624888,0,3,1104.5019412142594,864.8708965059219,0.1943,2011-06-26
0,nearby_place_same_date,glc-3881,2011-08-05,8,27.337,93.547,5,Arunachal Pradesh,32.4,18.4,61.6,116.6,236.8,541,150.648,2.7,7,15.94,50.37,65.22,612.53,0.439,0.439,0.44,21.6,19.4,0,1623,13.138,331.414,0.878,-0.478,-0.472,361,1,0,,open-meteo-era5,27.311,93.516,13.14,6.66,1.5626585489599187,1.26766688410524,1.3723997970573312,0,0,2126.368702055029,1894.7659688581937,0.1767,2011-07-12
0,nearby_place_same_date,glc-3932,2011-08-18,8,25.893,94.383,0.5,Nagaland,10.5,1.5,22.3,57.6,248.2,384.7,116.494,1.8,6,4.67,37.16,91.83,306.79,0.489,0.485,0.49,24.3,19.4,0,1019,17.69,114.228,-0.41,0.912,-0.038,248,1.375,2,4.2,open-meteo-era5,25.905,94.421,7.59,3.98,0.979358805445762,1.0841332580463017,1.689503732981994,0,0,3000,3000,0.41440000000000005,2011-07-28
0,nearby_place_same_date,glc-4382,2012-06-03,6,25.056,92.506,5,Assam,147.4,30,278.2,326.6,363.8,465.4,184.635,11.6,7,58.45,129.86,178.93,358.93,0.44,0.439,0.461,25.5,21.8,0,580,35.113,316.526,0.726,-0.688,-0.621,457,3.619,3,5.4,open-meteo-era5,25.132,92.524,17.96,7.97,5.163325909428359,2.5978364619790013,0.8637713437268002,0,0,3000,2391.8074782344643,0.6475000000000001,2012-05-08
0,nearby_place_same_date,glc-4385,2012-06-03,6,27.717,88.445,5,,10.5,10.8,27.8,56.3,108,264.6,77.037,0.9,7,0.37,5.51,34.32,71.45,0.433,0.422,0.412,5.6,3.7,0.77,4081,14.344,172.807,-0.992,0.125,-0.592,430,2.935,2,4.3,open-meteo-era5,27.733,88.483,5.4,2.99,1.7160493827160492,1.489417989417989,1.6333333333333335,0,0,3000,3000,0.0152,2012-05-08
0,nearby_place_same_date,glc-4384,2012-06-03,6,25.086,92.988,5,Assam,118.7,15.7,258.1,300,333.7,406.8,181.257,11.3,7,27.34,76.45,112.95,189.89,0.437,0.441,0.477,25.4,21.5,0,767,32.772,316.667,0.727,-0.686,-1.382,494,3.713,3,5.4,open-meteo-era5,25.062,93.006,10.1,4.87,8.51815181518152,4.243281471004243,1.3425742574257427,0,3,2161.7105835723864,1524.3275453096498,0.8533000000000001,2012-05-08
0,nearby_place_same_date,glc-4383,2012-06-03,6,25.401,93.162,5,Assam,141.7,9.3,230.9,284.2,303.1,333.5,133.096,13.8,7,26.59,84.45,114.11,192.91,0.471,0.486,0.506,27.9,23.7,0,232,3.55,217.093,-0.798,-0.603,-0.131,120,4.097,3,5.4,open-meteo-era5,25.413,93.12,8.66,4.22,8.88760585065435,4.688221709006928,1.2836797536566589,0,1,2841.3368176571757,2639.3293779296205,0.6375000000000001,2012-05-08
0,nearby_place_same_date,glc-4426,2012-06-22,6,26.07,91.85,5,Assam,53.8,88.7,185.9,242.1,258.3,381.4,192.004,9.8,7,43.46,79.73,89.48,503.09,0.483,0.487,0.515,27.4,24,0,244,17.664,176.941,-0.999,0.053,-0.085,274,2.532,1,4.3,open-meteo-era5,26.046,91.871,12.46,5.51,4.973247726056715,2.775739509286861,1.0203317281968967,0,4,1641.870413266514,3000,0.7312000000000001,2012-05-24
0,nearby_place_same_date,glc-4434,2012-06-25,6,26.118,91.871,1,Assam,36.9,81.6,168.4,380.6,425.5,545.2,309.893,7.8,7,100.21,151.86,234,647.02,0.482,0.49,0.517,26.7,24.1,0,132,14.629,167.645,-0.977,0.214,0.057,186,2.545,1,4.3,open-meteo-era5,26.116,91.873,12.46,5.51,4.505082932049224,4.36367805549186,1.458533975387908,0,6,1702.880259858354,3000,0.7431,2012-05-24
0,nearby_place_same_date,glc-4446,2012-07-05,7,28.956,94.72,5,Arunachal Pradesh,70.3,40.9,176,225.9,687.6,1254.7,373.496,4.6,7,4.3,30.75,65.95,289.14,0.428,0.428,0.429,15.7,14.1,0,2353,44.62,105.001,-0.259,0.966,1.411,783,2.377,2,4.7,open-meteo-era5,28.998,94.748,8.1,3.2,7.242798353909466,3.9841269841269846,5.163374485596708,0,0,3000,3000,0.0449,2012-06-09
0,nearby_place_same_date,glc-6783,2012-07-19,7,27.03,88.627,0.5,West Bengal,75.5,53.8,151.2,302.9,661.8,1051.9,346.507,10.9,7,21.46,41.57,135.33,403.73,0.418,0.429,0.416,20.9,17.9,0,1580,16.111,180,-1,0,0.383,442,1.961,1,4.7,open-meteo-era5,27.1,88.699,14.36,4.67,3.5097493036211698,3.0133306804615994,2.4417363045496754,0,1,848.2131755283189,836.5880986668352,0.2419,2012-06-25
0,nearby_place_same_date,glc-4552,2012-09-14,9,27.033,88.251,5,Sikkim,109.7,78.7,206.2,235.5,290.1,573.3,166.647,11.7,6,19.11,59.31,73.96,273.78,0.429,0.429,0.424,17.7,16,0,1797,30.137,259.922,-0.175,-0.985,-0.796,527,1,0,,open-meteo-era5,27.03,88.2,8.78,4.67,7.828397873955961,3.8317604946306543,2.1765375854214124,8,10,609.5531052927014,1665.5872977993026,0.22110000000000002,2012-08-12
0,nearby_place_same_date,glc-4556,2012-09-16,9,27.258,88.443,5,Sikkim,65.3,46.4,172,315.6,442,988.3,307.362,8.9,7,17.13,43.63,86.13,222.42,0.43,0.43,0.437,26.6,22.6,0,462,22.47,41.394,0.75,0.661,0.327,493,1.024,0,,open-meteo-era5,27.17,88.396,5.11,2.99,11.219830397912588,8.823036063740565,6.446836268754076,0,7,36.51535785967845,183.29109607194835,0.7777000000000001,2012-08-28
0,nearby_place_same_date,glc-4610,2012-11-11,11,23.89,92.396,5,Mizoram,0,0,0,28.3,41.3,69.3,27.633,0,4,0,0.09,28.72,36.8,0.375,0.38,0.36,26.3,16.1,0,164,16.048,101.962,-0.207,0.978,-0.218,164,4.213,4,4.6,open-meteo-era5,23.866,92.381,0.89,6,0,4.542536115569823,2.595505617977528,0,0,1431.2802213452721,1921.3242850469,0.8881,2012-10-15
0,nearby_place_same_date,glc-4757,2013-02-18,2,27.897,95.025,5,Arunachal Pradesh,12.8,17.9,31.5,31.8,32.2,41.4,19.475,3.2,2,2.93,5.34,5.34,5.34,0.228,0.215,0.269,20.3,14.5,0,255,1.93,,0,0,-0.37,159,1.181,0,,open-meteo-era5,27.873,95.068,1.57,7.48,6.687898089171974,2.8935395814376705,0.8789808917197451,0,0,3000,1671.884282756293,0.8392000000000001,2013-01-17
0,nearby_place_same_date,glc-4860,2013-05-11,5,25.924,91.6,5,Assam,22.2,12.4,38.5,94.1,162.6,200.6,81.21,6.7,7,38.98,109.25,235.03,409.56,0.498,0.495,0.406,25.5,19.4,0,432,11.231,108.877,-0.324,0.946,-0.207,321,3.379,3,4.4,open-meteo-era5,25.905,91.67,9.62,5.79,1.334026334026334,1.3973863973863976,0.6950796950796951,0,0,1988.962152215553,3000,0.6928000000000001,2013-04-23
0,nearby_place_same_date,glc-4990,2013-06-27,6,27.26,88.517,1,Sikkim,27.3,31.3,77.7,242.8,323,788.2,247.25,5.7,7,10.5,37.88,89.33,220.11,0.421,0.423,0.434,25.2,20.3,0,1146,9.59,117.681,-0.465,0.886,-0.27,355,1,0,,open-meteo-era5,27.241,88.495,5.4,2.99,4.796296296296296,6.423280423280423,4.8654320987654325,1,12,978.4730126607656,1784.4420888765583,0.598,2013-05-25
0,nearby_place_same_date,glc-5005,2013-07-01,7,26.567,94.897,5,Nagaland,20,37.2,66.7,125.5,217,336.4,138.906,5.9,7,14.44,33.33,111.85,271.64,0.479,0.49,0.508,28.7,24.8,0,415,17.742,324.615,0.815,-0.579,0.409,148,1,0,,open-meteo-era5,26.608,94.868,10.5,4.65,2.1174603174603175,1.7074829931972788,1.067936507936508,0,1,1433.467482891993,808.2816783289819,0.8479,2013-06-10
0,nearby_place_same_date,glc-5271,2013-08-04,8,26.49,94.581,5,Nagaland,10.1,2,29.9,92,295.1,398.6,150.246,1.4,7,5.53,15.66,54.81,307.87,0.467,0.465,0.499,31.4,24.8,0,322,8.833,279.019,0.157,-0.988,0.57,144,1.822,3,5,open-meteo-era5,26.538,94.565,9.34,4.8,1.067094932191292,1.4071581523401653,1.4225553176302643,0,0,1331.4833709524662,144.15817368151602,0.8609,2013-07-12
0,nearby_place_same_date,glc-5272,2013-08-04,8,26.496,94.485,1,Nagaland,10.1,2,29.9,92,295.1,398.6,150.246,1.4,7,5.53,15.66,54.81,307.87,0.44,0.47,0.493,27.8,21.1,0,895,20.705,100.586,-0.184,0.983,0.731,427,1.816,3,5,open-meteo-era5,26.467,94.46,9.34,4.8,1.067094932191292,1.4071581523401653,1.4225553176302643,0,0,1245.8491531405234,3000,0.3745,2013-07-12
0,nearby_place_same_date,glc-5427,2013-08-15,8,25.357,94.394,5,Nagaland,6.5,62,80.8,183.2,350.4,519.3,231.238,9.7,7,4.08,74.99,91.33,275.76,0.471,0.493,0.493,26.1,19.7,0,1166,12.568,189.972,-0.985,-0.173,0.317,470,2.521,2,5,open-meteo-era5,25.343,94.383,6.16,3.4,4.372294372294372,4.24860853432282,2.8100649350649345,0,2,413.08864125513264,881.2486053952333,0.6002000000000001,2013-07-28
0,nearby_place_same_date,glc-5337,2013-08-16,8,26.582,95.289,5,Nagaland,19.2,3.9,27,53.7,165.6,348.1,91.071,1.9,7,39.28,53.14,98.45,387.63,0.495,0.495,0.487,27.8,23.4,0,774,27.164,328.009,0.848,-0.53,0.076,419,2.213,2,5,open-meteo-era5,26.608,95.265,8.27,4.3,1.0882708585247884,0.9276213508377958,1.403063280935107,0,0,3000,3000,0.9129,2013-07-28
0,nearby_place_same_date,glc-5421,2013-08-30,8,26.166,94.916,5,Nagaland,6,3.3,21.4,117.1,188.6,421.4,130.773,1.4,7,5.46,28.5,71.13,331.06,0.441,0.445,0.452,23.1,17.4,0,1690,13.518,238.639,-0.52,-0.854,-0.208,336,2.031,5,5,open-meteo-era5,26.186,94.934,7.64,3.91,0.9336823734729494,2.1896035901271502,1.8385689354275743,0,5,2988.049467337936,1260.8123727266498,0.4309,2013-07-28
0,nearby_place_same_date,glc-5431,2013-09-01,9,24.806,93.592,5,Assam,5.8,2.3,12.2,117.7,205.6,394.4,125.063,1,7,5.42,8.29,54.14,293.88,0.428,0.43,0.436,26.3,20.7,0,881,28.341,297.592,0.463,-0.886,-0.314,499,1.668,4,4.3,open-meteo-era5,24.78,93.573,5.42,3.7,0.7503075030750308,3.102266736953084,2.4255842558425584,0,1,3000,2242.9332792426253,0.9633,2013-08-13
0,nearby_place_same_date,glc-5441,2013-09-02,9,28.442,94.804,5,Arunachal Pradesh,109,63.1,213.7,312.6,355.1,558.8,210.028,6.4,7,24.66,57.5,122.63,401.7,0.428,0.428,0.429,20.6,19.1,0,1053,29.171,227.701,-0.673,-0.74,-0.02,438,3.542,1,4.5,open-meteo-era5,28.436,94.807,11.02,6.17,6.46400483968542,4.052372310085559,1.6902601330913491,0,0,3000,3000,0.8979,2013-08-13
0,nearby_place_same_date,glc-5533,2013-09-16,9,27.321,88.682,5,West Bengal,2.1,3.1,10.8,43.3,193.8,546.9,119.698,0.6,7,2.64,4.31,18.64,163.28,0.393,0.4,0.381,15.3,10.3,0,2812,26.082,121.259,-0.519,0.855,0.202,473,1.707,1,4.9,open-meteo-era5,27.381,88.693,5.11,2.99,0.7045009784735812,1.2105116019010342,3.5675146771037176,0,13,3000,3000,0.058100000000000006,2013-08-29
0,nearby_place_same_date,glc-5552,2013-09-24,9,25.411,94.551,5,Manipur,11.8,0.5,13.3,31.5,91.8,209.7,49.959,2,5,0.26,0.41,2.36,236.15,0.446,0.455,0.467,28.5,20.9,0,1016,8.456,240.313,-0.495,-0.869,-0.466,240,2.829,2,4.5,open-meteo-era5,25.413,94.485,5.12,3.4,0.8658854166666667,0.8789062499999999,1.365234375,0,2,52.3353012370048,802.4905495249748,0.803,2013-08-29
0,nearby_place_same_date,glc-5575,2013-10-05,10,26.102,94.319,5,Nagaland,23.5,3.9,29.8,39.8,99.9,201.9,50.406,4.3,5,16.72,36.68,39.65,165.52,0.495,0.479,0.481,21.8,19.2,0,996,13.045,174.588,-0.996,0.094,0.604,268,2.483,4,4.6,open-meteo-era5,26.116,94.337,3.07,3.98,3.2356134636264935,1.8520241973010703,2.192182410423453,0,1,1576.6092634117988,3000,0.8701000000000001,2013-09-14
0,nearby_place_same_date,glc-5584,2013-10-06,10,25.882,91.683,5,Assam,33.4,15.4,68.6,86.9,149.4,271.2,89.863,4,5,62.76,151.09,174.79,276.04,0.485,0.482,0.511,23.3,21,0,370,11.604,128.29,-0.62,0.785,-0.122,170,2.075,2,4.6,open-meteo-era5,25.905,91.67,4.71,5.79,4.854918612880396,2.6357294510160756,1.91932059447983,0,0,103.03551564135924,3000,0.8766,2013-09-14
0,nearby_place_same_date,glc-5603,2013-10-13,10,25.542,94.769,5,Manipur,0.1,0.3,0.4,42.7,151.4,239,89.929,0.2,2,0,0,15.6,134.94,0.417,0.43,0.466,23.7,15.9,0,1329,17.024,259.311,-0.185,-0.983,-0.206,321,2.81,4,4.6,open-meteo-era5,25.624,94.696,2.68,3.08,0.04975124378109452,2.2761194029850746,2.972636815920398,0,0,3000,231.34207435996402,0.8892,2013-09-14
0,nearby_place_same_date,glc-6110,2014-06-27,6,26.25,91.995,0.5,Assam,13.3,30.3,48,184.6,308.6,433.5,200.099,5.8,7,9.89,24.82,151.79,329.68,0.472,0.496,0.506,28.4,24.4,0,315,15.647,298.233,0.473,-0.881,-0.322,262,2.657,3,4.3,open-meteo-era5,26.257,91.976,11.26,5.06,1.4209591474245116,2.342045166201472,1.2833037300177619,0,0,1232.879133691674,2266.5473384834922,0.6985,2014-05-25
0,nearby_place_same_date,glc-6143,2014-07-14,7,23.809,92.459,5,Mizoram,21.7,32.9,66,86.8,122.2,336.4,93.131,7.5,5,10.53,28.69,46.67,426.43,0.425,0.424,0.394,28.9,24.3,0,340,12.774,183.013,-0.999,-0.053,-0.018,373,1.19,4,4.3,open-meteo-era5,23.796,92.474,12.07,6,1.8227009113504555,1.0273405136702567,0.9290251311792321,0,1,3000,3000,0.9079,2014-06-26
0,nearby_place_same_date,glc-6146,2014-07-15,7,26.964,88.834,1,West Bengal,29.1,25.6,65.9,112.2,244.9,527.3,153.3,3.7,7,7.31,24.75,51.36,322,0.387,0.389,0.379,29.6,24.2,0,324,2.386,139.764,-0.763,0.646,0,55,1,0,,open-meteo-era5,26.96,88.801,14.36,4.67,1.529712163416899,1.1161957819339436,1.2240018570102136,0,0,136.4248834877963,1446.2174264956218,0.6774,2014-06-26
0,nearby_place_same_date,glc-6284,2014-09-22,9,26.25,91.977,5,Assam,49.3,41.4,159.8,210.2,302.3,545.7,208.087,7.5,6,126.76,191.59,231.7,354.68,0.467,0.484,0.504,27.3,23.5,0,75,6.674,42.474,0.738,0.675,0.208,160,1.753,2,4.1,open-meteo-era5,26.257,91.976,6.97,5.06,7.642276422764228,4.308259889321582,2.6097560975609757,0,0,294.2507797231001,1904.4684714578345,0.7812,2014-08-29
0,nearby_place_same_date,glc-6290,2014-09-23,9,25.822,92.046,5,Meghalaya,133.3,19.9,167.8,236.1,351.6,549.6,153.476,13.4,6,78.67,255.46,308.23,411.93,0.492,0.492,0.462,23,19.7,0,976,23.41,330.136,0.867,-0.498,0.056,336,1.915,2,4.1,open-meteo-era5,25.835,92.061,7.6,5.51,7.359649122807019,4.43796992481203,2.4105263157894736,0,0,2468.145777574854,3000,0.7432000000000001,2014-08-29
0,nearby_place_same_date,glc-7591,2015-03-19,3,25.155,92.358,5,Assam,0,0,0.2,1.6,1.6,16.9,3.389,0,1,0.01,0.01,0.01,31.16,0.268,0.278,0.311,29.5,20.6,0,338,5.784,267.274,-0.048,-0.999,0.186,252,1,2,4.4,open-meteo-era5,25.132,92.33,2.8,7.97,0.023809523809523815,0.0816326530612245,0.20119047619047617,0,0,884.9593898276233,1934.1312876355944,0.7021000000000001,2015-02-18
0,nearby_place_same_date,glc-7031,2015-05-24,5,27.693,88.544,1,Sikkim,21.8,25.8,85.8,150.6,275.5,496.2,188.809,2.4,6,0.21,9.49,26.27,83.83,0.432,0.433,0.422,6.2,3,7.49,3594,23.15,68.015,0.374,0.927,-0.553,588,5.674,173,7.3,open-meteo-era5,27.733,88.584,3.57,2.99,8.011204481792717,6.02641056422569,4.633053221288516,1,4,2052.591294585595,2434.606254283506,0.0669,2015-04-23
0,nearby_place_same_date,glc-6968,2015-06-13,6,25.396,91.895,5,Meghalaya,53.9,210.4,382.8,560.6,683,894.9,523.659,16,7,35.98,146.91,295.7,639.32,0.492,0.508,0.495,23.8,21.6,0,695,16.432,172.003,-0.99,0.139,-0.298,524,1.459,1,4.3,open-meteo-era5,25.343,91.948,19.13,8.33,6.670151594354417,4.186393846613397,1.5593308938839519,0,0,2232.8968016018234,1115.9977433454903,0.6372,2015-05-25
0,nearby_place_same_date,glc-6945,2015-06-19,6,25.019,93.52,1,Manipur,0.5,0.8,5.4,30.1,107.5,191.7,67.802,0.4,5,1.74,5.62,28.44,182.72,0.402,0.406,0.406,27.3,20.4,0,964,17.673,233.909,-0.589,-0.808,-0.056,282,2.216,3,4.3,open-meteo-era5,25.062,93.588,7.25,3.7,0.24827586206896554,0.5931034482758621,0.8813793103448275,4,8,1064.610392618141,1804.0356096543169,0.6634,2015-05-25
0,nearby_place_same_date,glc-6990,2015-06-24,6,26.032,94.905,5,Nagaland,9.8,26.6,58.2,100.8,204.8,286.1,123.483,2.3,7,8.82,36.95,80.62,388.41,0.432,0.437,0.394,27.2,22.9,0,753,25.326,95.886,-0.103,0.995,-0.113,397,1.857,2,4.3,open-meteo-era5,26.046,94.923,7.94,3.91,2.443324937027708,1.8136020151133498,1.2010915197313183,0,2,1700.8969008683464,347.54495329753126,0.6177,2015-05-25
0,nearby_place_same_date,glc-7034,2015-06-30,6,27.015,88.98,1,West Bengal,25.1,19.4,73.6,132.4,334.5,562,192.338,2.7,7,17.87,48.48,107.9,300.31,0.426,0.421,0.43,23.7,19,0,1032,25.174,192.48,-0.976,-0.216,-0.613,473,3.032,3,5.1,open-meteo-era5,27.03,89,8.99,4.67,2.728958101594364,2.103924996027332,2.0837968112717835,0,0,2546.4227846904223,570.2833032843224,0.4938,2015-06-10
0,nearby_place_same_date,glc-7040,2015-07-01,7,27.065,88.025,1,West Bengal,24.3,19.7,66.5,150.5,271.4,507.6,182.914,3.5,7,29.1,61.03,116.62,300.16,0.426,0.426,0.424,16.4,11.9,0,2949,18.725,147.688,-0.845,0.535,0.345,332,2.302,17,5.1,open-meteo-era5,27.1,87.998,13.51,4.23,1.6407599309153713,1.5914137675795708,1.2524056254626204,0,0,3000,3000,0.0679,2015-06-10
0,nearby_place_same_date,glc-7039,2015-07-01,7,27.25,88.517,1,West Bengal,46,39.2,118.1,263.9,387.1,608.7,253.564,5.7,7,18.11,51.09,114.57,306.34,0.426,0.426,0.43,25.6,21.3,0,892,36.739,125.91,-0.587,0.81,0.087,690,2.587,15,5.1,open-meteo-era5,27.241,88.495,9.15,2.99,4.302367941712204,4.120218579234972,2.2174863387978143,1,13,871.1115580245237,933.9666389155831,0.8482000000000001,2015-06-10
0,nearby_place_same_date,glc-7076,2015-07-04,7,27.255,88.622,1,West Bengal,51.7,92.5,179.2,366.4,521.1,768.7,345.018,7.2,7,13.14,24.46,69.13,201.4,0.428,0.432,0.424,26.3,17.5,0,1481,24.484,203.32,-0.918,-0.396,-0.26,588,2.66,11,5.1,open-meteo-era5,27.311,88.594,9.15,2.99,6.5282331511839695,5.720530835284934,2.8003642987249546,0,15,379.2956624679012,3000,0.61,2015-06-10
0,nearby_place_same_date,glc-7138,2015-07-07,7,27.012,88.825,5,Sikkim,31.9,24.7,84.1,289.2,460.3,685.1,292.189,3.7,7,9.06,26.94,83.13,342.54,0.389,0.386,0.396,27.2,20.2,0,867,21.447,134.748,-0.704,0.71,0.01,228,2.891,8,5.1,open-meteo-era5,27.03,88.8,14.36,4.67,1.9521819870009285,2.877039395145245,1.5902971216341693,0,0,56.24447549677638,985.0344162437684,0.12140000000000001,2015-06-10
0,nearby_place_same_date,glc-7214,2015-07-15,7,27.575,93.113,5,Arunachal Pradesh,98.8,78.8,233.5,307.5,550,1104.5,345.828,11.4,7,40.53,70.31,77.28,381.05,0.429,0.429,0.428,24.9,21.3,0,1034,29.319,142.653,-0.795,0.607,-0.542,427,2.09,5,5.1,open-meteo-era5,27.592,93.027,13.72,5.53,5.672983479105928,3.2017909204498123,2.683430515063168,0,0,551.1137437080022,3000,0.7633000000000001,2015-06-26
0,nearby_place_same_date,glc-7263,2015-07-22,7,25.271,93.928,1,Manipur,19.3,14.9,56,142.9,215.7,367.4,135.112,3.1,7,10.3,41.39,117.9,325.49,0.426,0.427,0.429,22.2,20.2,0,1270,11.983,219.931,-0.767,-0.642,-0.716,344,1.656,5,4.5,open-meteo-era5,25.272,93.989,7.3,3.58,2.5570776255707766,2.796477495107632,1.6776255707762555,0,2,177.7355403403359,2485.6677100427833,0.2277,2015-06-26
0,nearby_place_same_date,glc-7264,2015-07-22,7,25.148,94.128,5,Manipur,18.2,15.8,56.9,161.6,260.3,431.8,158.197,2.3,7,14.27,45.06,139.8,345.03,0.497,0.493,0.51,22.2,19.6,0,1101,22.028,284.657,0.253,-0.967,-0.26,340,1.733,5,4.5,open-meteo-era5,25.132,94.078,7.53,3.7,2.518813634351483,3.0658319104534244,1.9114652501106684,0,0,2473.5405004771087,2585.3917873610612,0.35150000000000003,2015-06-26
0,nearby_place_same_date,glc-7265,2015-07-22,7,25.796,94.156,5,Manipur,32.2,29,105.4,205.2,315.2,524.4,205.59,10.3,7,15.83,50.33,108.31,338.32,0.475,0.495,0.506,23.1,19.3,0,1160,16.863,345.187,0.967,-0.256,0.084,186,1.596,5,4.5,open-meteo-era5,25.764,94.118,8.03,3.86,4.375259443752595,3.6505959793631026,2.176836861768369,2,6,2109.689279290482,3000,0.5684,2015-06-26
0,nearby_place_same_date,glc-7370,2015-08-01,8,24.307,94.41,5,Manipur,14.9,124.6,286.1,613,757.2,1091.4,587.994,8.9,7,3.7,100.7,118.29,329.07,0.44,0.442,0.44,27.4,22.6,0,170,3.509,249.444,-0.351,-0.936,0,26,2.313,3,4.4,open-meteo-era5,24.288,94.409,4.75,2.88,20.077192982456143,18.43609022556391,7.658947368421053,0,1,3000,586.1396283739007,0.7855000000000001,2015-07-12
0,nearby_place_same_date,glc-7383,2015-08-01,8,23.853,94.36,5,Manipur,11.3,152.1,426.5,682.9,939.9,1459.5,751.704,12.7,7,2.09,71.58,85.55,237.74,0.439,0.441,0.439,25.7,21.4,0,466,4.028,56.041,0.559,0.829,0.045,181,2.422,3,4.4,open-meteo-era5,23.866,94.381,3.51,2.15,40.503323836657174,27.794057794057792,13.860398860398861,0,0,3000,3000,0.6545000000000001,2015-07-12
0,nearby_place_same_date,glc-7389,2015-08-01,8,24.729,94.204,5,Manipur,16.5,63.1,143.6,299.6,425.7,593.3,300.791,4.3,7,3.7,100.7,118.29,329.07,0.453,0.461,0.462,23.3,18.3,0,1135,17.991,111.919,-0.373,0.928,-0.461,350,2.139,3,4.4,open-meteo-era5,24.71,94.244,5.65,3.47,8.471976401179939,7.575221238938052,3.5002949852507372,0,0,1419.6908925170278,3000,0.6713,2015-07-12
0,nearby_place_same_date,glc-7384,2015-08-01,8,23.756,94.403,5,Manipur,3.2,37.7,181.5,369.2,557.4,915.1,426.687,4.8,7,2.09,71.58,85.55,237.74,0.442,0.443,0.444,27.8,23.5,0,132,1.1,,0,0,-0.145,54,2.326,3,4.4,open-meteo-era5,23.726,94.467,3.51,2.15,17.236467236467238,15.026455026455025,8.690408357075023,0,0,3000,3000,0.7407,2015-07-12
0,nearby_place_same_date,glc-7666,2015-08-11,8,24.758,93.309,5,Manipur,5.5,13.8,25.3,87.8,216.9,723.1,168.326,2.2,7,5.63,34.46,86.02,484.2,0.423,0.424,0.424,31.6,23.3,0,412,28.838,70.38,0.336,0.942,-0.498,438,2.179,1,4.2,open-meteo-era5,24.78,93.283,6.15,3.7,1.3712737127371273,2.0394889663182343,3.919241192411924,0,4,808.36002012118,619.8417612888874,0.8595,2015-07-12
0,nearby_place_same_date,glc-7665,2015-08-11,8,24.889,93.603,5,Manipur,3.6,24,38,74.9,230,528.6,151.697,3.8,7,2.87,29.11,78.68,412.99,0.425,0.426,0.427,26.8,19.2,0,1121,14.528,22.64,0.923,0.385,-0.259,345,2.107,1,4.2,open-meteo-era5,24.921,93.677,6.15,3.7,2.0596205962059617,1.7398373983739837,2.8650406504065042,0,5,1518.1822779303197,2663.137897206097,0.2778,2015-07-12
0,nearby_place_same_date,glc-7660,2015-08-12,8,25.628,93.813,5,Nagaland,17.9,12.1,41.6,119.8,297.9,605.7,174.87,3.3,7,7.08,22.6,72.42,356.66,0.471,0.481,0.461,27.9,22.3,0,716,11.638,344.332,0.963,-0.27,-0.225,268,2.05,2,4.5,open-meteo-era5,25.624,93.815,6.32,3.58,2.1940928270042193,2.7079566003616633,3.194620253164557,0,1,3000,492.50573519525676,0.9048,2015-07-12
0,nearby_place_same_date,glc-7335,2015-08-18,8,25.603,90.224,1,Meghalaya,50.3,28.2,87.1,132.1,188,464.8,123.407,9.5,7,15.22,43.75,59.02,270.29,0.486,0.492,0.461,28.2,23.9,0,412,7.364,252.582,-0.299,-0.954,0.037,146,1.407,1,4.4,open-meteo-era5,25.624,90.196,10.67,6.01,2.7210246797875666,1.768643727406614,1.4520462355513901,0,3,1068.9414401837234,1809.5908337058552,0.888,2015-07-28
0,nearby_place_same_date,glc-7701,2015-08-19,8,25.561,93.809,5,Nagaland,18.7,2.7,28.5,52.6,243.1,589.8,141.264,6.1,7,6.7,19.38,37.36,275.54,0.431,0.433,0.424,24.5,20.5,0,1177,30.175,91.31,-0.023,1,-0.262,401,2.096,2,4.5,open-meteo-era5,25.554,93.811,6.32,3.58,1.5031645569620253,1.1889692585895117,3.1107594936708853,0,1,1358.7773284151035,1502.1829063253554,0.9346000000000001,2015-07-28
0,nearby_place_same_date,glc-7706,2015-08-19,8,25.168,92.628,5,Meghalaya,37.6,40.9,100.5,156.4,197,468.9,149.192,3.7,7,41.24,100.47,149.45,490.85,0.486,0.486,0.484,19.1,18.1,0,1511,15.523,119.344,-0.49,0.872,0.149,162,1.441,3,4.5,open-meteo-era5,25.202,92.624,13.78,7.97,2.431059506531205,1.6213974704540743,1.1342525399129173,0,0,3000,2435.9380286082087,0.3393,2015-07-28
0,nearby_place_same_date,glc-7728,2015-08-22,8,25.888,91.817,5,Assam,24.3,13.9,112.3,209.9,321.6,500.2,221.172,6.3,7,4.42,70.45,153.53,285.17,0.461,0.491,0.482,28.9,22.9,0,363,4.609,312.563,0.676,-0.737,-0.564,233,1.727,1,4.4,open-meteo-era5,25.905,91.769,9.21,5.51,4.064422728917842,3.2557778811850473,1.8103510676800578,0,1,3000,508.3961017278608,0.7728,2015-07-28
0,nearby_place_same_date,glc-7780,2015-08-26,8,23.391,92.987,5,Mizoram,8.9,8.9,25.4,80.9,167.9,446.3,118.493,6.8,7,2.27,5.33,41.57,309.76,0.417,0.419,0.415,25.7,19.1,0,1165,28.059,79.341,0.185,0.983,0.343,490,1.426,1,4.5,open-meteo-era5,23.374,93.025,5.96,3.28,1.4205816554809843,1.9391179290508151,2.496085011185682,0,1,3000,3000,0.2298,2015-07-28
0,nearby_place_same_date,glc-7956,2015-09-05,9,26.217,91.92,1,Meghalaya,3.6,29.4,50.8,238,468.3,831,308.903,4.2,7,3.69,63.5,156.6,459.65,0.468,0.48,0.481,30,24,0,118,9.26,10.305,0.984,0.179,0.113,181,2.269,2,4.2,open-meteo-era5,26.186,91.875,7.6,5.51,2.2280701754385968,4.473684210526316,3.6447368421052633,0,9,1615.359606062638,3000,0.8049000000000001,2015-08-13
0,nearby_place_same_date,glc-8012,2015-09-06,9,25.952,92.042,1,Meghalaya,11.7,7.4,57.8,427.5,692.5,1102.1,448.262,3.6,7,0.87,29.57,121.4,451.49,0.482,0.493,0.487,26.4,21.7,0,659,6.944,313.386,0.687,-0.727,-0.517,138,2.373,2,4.2,open-meteo-era5,25.975,92.066,7.6,5.51,2.5350877192982457,8.035714285714286,4.833771929824561,0,0,162.64689132996503,3000,0.1968,2015-08-13
0,nearby_place_same_date,glc-8224,2015-09-14,9,23.87,92.974,5,Mizoram,16.2,5.1,36.7,68.9,186.1,343.4,99.73,7.1,6,19.8,30.07,52.61,298.27,0.417,0.419,0.412,28,21.2,0,732,16.314,351.804,0.99,-0.143,-0.282,343,1.637,4,4.5,open-meteo-era5,23.866,92.952,5.41,3.85,2.2612446087492297,1.8193820966464218,2.115834873690696,0,1,3000,2508.244812341092,0.1406,2015-08-13
0,nearby_place_same_date,glc-8339,2015-09-23,9,25.926,91.55,1,Assam,26,29.4,70.8,298.1,375.7,996.9,318.025,3.7,6,61.29,110.08,120.62,439.11,0.481,0.486,0.49,24.8,22.7,0,300,10.549,203.394,-0.918,-0.397,-0.038,146,1.798,3,4.2,open-meteo-era5,25.905,91.572,8.04,5.79,2.9353233830845773,5.296730632551529,4.133084577114428,0,0,1790.844418534348,3000,0.8721,2015-08-29
0,nearby_place_same_date,glc-8366,2015-09-23,9,25.864,91.942,5,Meghalaya,26.1,40.3,86.5,155.7,243.8,799.3,206.28,5.6,7,61.13,106.92,116.73,431.33,0.489,0.489,0.466,24.4,22,0,666,11.031,304.875,0.572,-0.82,-0.376,225,2.202,3,4.2,open-meteo-era5,25.905,91.965,7.6,5.51,3.7938596491228074,2.9266917293233083,3.5057017543859645,0,2,2690.289374192791,3000,0.8580000000000001,2015-08-29
0,nearby_place_same_date,glc-9405,2016-04-19,4,26.439,95.067,1,Nagaland,45.3,32.5,80.7,128.7,202.1,287.8,112.447,4.5,7,10.83,37.9,68.11,182.12,0.457,0.465,0.465,17.3,11.4,0,1960,22.221,154.962,-0.906,0.423,0.342,440,4.256,1,4.5,open-meteo-era5,26.397,95.05,4.96,4.65,5.423387096774194,3.7067972350230414,1.9341397849462365,0,3,1197.656942229122,3000,0.7198,2016-03-21
0,nearby_place_same_date,glc-9404,2016-05-01,5,27.973,96.376,1,Arunachal Pradesh,7,5.2,20.9,61.2,330.4,582.2,194.031,1.1,7,6.31,22.57,39.76,407.75,0.424,0.426,0.426,20.4,14.1,0,1199,38.589,100.788,-0.187,0.982,0.566,681,3.68,0,,open-meteo-era5,27.944,96.392,7.38,5.43,0.9439927732610659,1.1846689895470384,2.6296296296296298,0,0,1780.5723020561277,1552.7305930096948,0.0373,2016-04-06
0,nearby_place_same_date,glc-9336,2016-05-18,5,24.326,92.657,1,Assam,23.8,9.8,37.4,61,76.2,249.9,53.75,6.9,7,75.63,179.71,267.55,559.2,0.387,0.375,0.349,30.3,23.8,0,57,7.573,267.421,-0.045,-0.999,-0.22,79,2.286,4,4.8,open-meteo-era5,24.359,92.687,12.94,7.17,0.9634209170530654,0.673437844998896,0.643740340030912,0,0,595.2314057166441,756.0795968607774,0.7012,2016-04-22
0,nearby_place_same_date,glc-9142,2016-06-14,6,26.526,94.492,1,Nagaland,11.2,27.1,60.9,174.4,241.9,482.4,178.474,3.8,7,6.05,35.82,62.33,256.62,0.48,0.493,0.509,27.1,22.6,0,679,29.705,316.212,0.722,-0.692,0.333,576,2.261,3,4.6,open-meteo-era5,26.467,94.46,9.94,4.8,2.0422535211267605,2.5064673756826674,1.6177062374245472,0,0,520.6526165186829,3000,0.8732000000000001,2016-05-24
0,nearby_place_same_date,glc-8222,2016-06-22,6,26.056,91.802,5,Assam,18,12.7,33.6,203,339.3,393.2,196.779,6,7,19.78,46.18,154.1,368.1,0.468,0.476,0.504,27.1,23.6,0,404,12.441,68.374,0.369,0.93,0.292,188,1,0,,open-meteo-era5,26.046,91.772,12.46,5.51,0.898876404494382,2.327447833065811,1.0518994114499731,0,24,2150.354543838927,3000,0.8655,2016-05-24
0,nearby_place_same_date,glc-8237,2016-07-01,7,27.141,92.453,1,Arunachal Pradesh,70.5,59.8,176.6,337.5,574.8,938.1,346.499,5,7,7.67,13.51,20.96,194.5,0.428,0.428,0.423,14.1,11.5,0,2952,34.523,129.218,-0.632,0.775,0.211,603,1,0,,open-meteo-era5,27.17,92.405,10.5,4.64,5.606349206349206,4.591836734693878,2.9780952380952384,0,0,321.8705371182073,3000,0.0475,2016-06-09
0,nearby_place_same_date,glc-8930,2016-07-11,7,25.987,94.173,1,Nagaland,11.3,24.8,53.4,106.3,240.6,439.9,160.267,3.9,7,8.39,28.43,66.58,355.52,0.496,0.498,0.494,26.5,21.9,0,862,9.049,183.93,-0.998,-0.069,-0.264,309,1.91,2,4.7,open-meteo-era5,25.975,94.131,8.03,3.86,2.2166874221668746,1.891122576054083,1.8260689082606891,0,1,1642.4607954373278,3000,0.7554000000000001,2016-06-09
0,nearby_place_same_date,glc-8996,2016-07-14,7,25.969,91.858,1,Assam,18.1,13.7,55.3,170.7,431.8,794.4,255.253,4.3,7,7.89,16.48,48.2,419.39,0.472,0.488,0.492,28.5,25.4,0,274,12.785,87.856,0.037,0.999,-0.489,171,1.089,0,,open-meteo-era5,25.975,91.869,11.73,5.51,1.5714691673770957,2.0789185239313115,2.257459505541347,2,3,72.74784000971631,3000,0.6991,2016-06-25
0,nearby_place_same_date,glc-9010,2016-07-16,7,27.274,93.489,5,Arunachal Pradesh,31.6,15.8,79.8,121.9,250.5,516,151.241,4,7,39.81,124.73,205.07,556.02,0.435,0.437,0.436,23.7,21,0,1345,21.048,252.374,-0.303,-0.953,-0.029,188,1.17,0,,open-meteo-era5,27.241,93.512,16.43,6.66,1.6189896530736458,1.0599078341013826,1.046865489957395,0,0,1923.2991445174184,2956.8300620985483,0.8563000000000001,2016-06-25
0,nearby_place_same_date,glc-9124,2016-07-19,7,25.455,90.688,5,Meghalaya,11.9,40.3,73.3,111.2,192.6,408,149.359,5.2,6,35.18,206.33,298,767.62,0.467,0.486,0.499,27.1,23.8,0,320,16.267,294.444,0.414,-0.91,0.392,141,1.207,0,,open-meteo-era5,25.483,90.683,15.28,6.9,1.5990401396160558,1.0396409872849663,0.8900523560209425,0,0,1410.6779906896709,770.1051769528709,0.8437,2016-06-25
0,nearby_place_same_date,glc-9074,2016-07-20,7,27.21,88.045,1,West Bengal,70.9,21.7,150.3,444.4,592.1,1066.3,414.566,8.9,7,40.66,74.54,164.04,460.78,0.427,0.428,0.424,16.3,14.1,0,2742,14.495,42.694,0.735,0.678,-1.241,382,2.139,1,4.7,open-meteo-era5,27.17,87.996,13.51,4.23,3.7083641746854186,4.699164639949244,2.630890698248211,0,1,3000,685.5954007348064,0.0956,2016-06-25
0,nearby_place_same_date,glc-9138,2016-07-21,7,27.044,88.584,1,West Bengal,194.1,91.5,349.5,673.3,908.2,1527,542.28,14,7,27.8,83.7,204.18,611.16,0.43,0.432,0.429,20.1,18,0,1507,16.426,104.671,-0.253,0.967,0.221,304,1.848,1,4.7,open-meteo-era5,27.1,88.598,14.36,4.67,8.112813370473537,6.69816951850378,3.5445682451253484,0,12,60.69229606944144,3000,0.7684000000000001,2016-06-25
0,nearby_place_same_date,glc-9220,2016-07-26,7,27.279,87.911,1,West Bengal,131,65.3,230.3,552.8,970.2,1353.4,538.192,9.8,7,23.49,81.22,147.48,381.96,0.429,0.429,0.428,20.3,18.2,0,1447,23.669,341.565,0.949,-0.316,-0.096,636,2.235,1,4.7,open-meteo-era5,27.311,87.79,9.44,3.01,8.132062146892656,8.365617433414043,4.778954802259888,0,0,3000,641.9184720771608,0.49520000000000003,2016-06-25
0,nearby_place_same_date,glc-9219,2016-07-26,7,26.344,94.588,5,Nagaland,1.9,28.4,90.7,136.2,219,514.4,181.163,2.9,7,3.58,41.37,83.12,363.22,0.478,0.492,0.467,25.5,20.4,0,820,13.323,184.715,-0.997,-0.082,-0.417,362,1.872,3,4.7,open-meteo-era5,26.327,94.549,10.73,4.8,2.8176452314383353,1.8133404340300892,1.5980118049083565,1,5,1402.2995098189926,3000,0.9247000000000001,2016-06-25
0,nearby_place_same_date,glc-9251,2016-07-28,7,25.645,94.622,1,Nagaland,1.3,2.2,7.4,72.4,141.3,349.1,102.803,0.5,7,16.53,34.49,74.74,304.02,0.48,0.492,0.492,28.6,21.8,0,694,15.489,46.061,0.694,0.72,0,237,2.244,3,4.7,open-meteo-era5,25.624,94.598,7.38,3.4,0.33423667570009036,1.4014711575687187,1.576784101174345,0,1,1671.0002488736131,518.4502723623484,0.6058,2016-06-25
0,nearby_place_same_date,glc-9232,2016-07-28,7,23.553,93.525,1,Mizoram,3.1,16,29.2,58.3,99.3,289.6,84.509,5.8,6,2.89,11.9,31.4,126.4,0.421,0.423,0.426,27.6,19.9,0,1109,26.597,270.136,0.002,-1,0.226,322,2.301,6,4.9,open-meteo-era5,23.515,93.505,3.56,1.83,2.7340823970037453,2.339486356340289,2.711610486891386,0,0,3000,3000,0.8321000000000001,2016-06-25
0,nearby_place_same_date,glc-9252,2016-07-28,7,27.418,92.099,5,Arunachal Pradesh,7.1,8.3,37.5,160,365.2,685.5,225.717,1.6,7,14.04,27.35,78.71,240.45,0.422,0.424,0.424,16.6,9.4,0,3386,34.095,91.352,-0.024,1,0,571,1,0,,open-meteo-era5,27.452,92.114,7.26,2.96,1.721763085399449,3.148366784730421,3.1473829201101933,0,0,2480.186944844558,2301.7808573652464,0.0723,2016-06-25
0,nearby_place_same_date,glc-9464,2016-08-05,8,27.528,91.787,5,Arunachal Pradesh,15.7,6.4,25,69.4,294.6,696.2,166.207,2.1,7,0.23,10.25,20.27,202.47,0.415,0.413,0.413,24.6,19.6,0,1517,29.721,132.382,-0.674,0.739,0.116,618,1,0,,open-meteo-era5,27.452,91.711,5.37,2.96,1.5518311607697084,1.8462357009843042,4.3215394165114835,0,3,1608.709704177425,240.3234484459798,0.8366,2016-07-11
0,nearby_place_same_date,glc-9618,2016-10-15,10,27.009,88.325,1,West Bengal,0,37.1,137.3,310.9,358.4,698.5,308.61,5.5,6,0.71,17.25,66.59,294.32,0.422,0.425,0.428,22.8,16,0,1190,33.919,65.487,0.415,0.91,0.086,675,1,2,4.2,open-meteo-era5,27.03,88.3,2.66,4.67,17.205513784461154,16.69709989258861,8.7531328320802,1,33,963.9217279534377,3000,0.5434,2016-09-13
0,nearby_place_same_date,glc-9617,2016-10-15,10,26.835,88.079,5,West Bengal,0,25.4,144.6,337.2,387.6,689.1,323.898,3.6,6,0.71,17.25,66.59,294.32,0.421,0.424,0.426,22.2,14.8,0,1447,18.067,296.469,0.446,-0.895,-0.85,488,1,2,4.2,open-meteo-era5,26.889,88.104,2.26,4.23,21.327433628318584,21.31479140328698,10.163716814159292,0,4,3000,3000,0.23340000000000002,2016-09-13
0,nearby_place_same_date,glc-9620,2016-10-15,10,27.046,88.432,5,Sikkim,0,6.3,49,226.4,256.2,566.5,220.93,2.3,6,0.71,17.25,66.59,294.32,0.422,0.425,0.428,27.7,20.1,0,420,39.808,261.299,-0.151,-0.988,0.662,565,1,1,4,open-meteo-era5,26.96,88.502,2.66,4.67,6.140350877192982,12.158968850698173,7.098997493734335,8,21,400.22900032763283,326.82499298759745,0.901,2016-09-13
0,nearby_place_same_date,glc-9619,2016-10-15,10,27.158,88.655,5,Sikkim,0,6.3,49,226.4,256.2,566.5,220.93,2.3,6,0.46,24.83,85.99,335.92,0.413,0.413,0.434,24.3,18.9,0,865,23.509,45.913,0.696,0.718,0.452,436,1,1,4,open-meteo-era5,27.17,88.597,2.66,4.67,6.140350877192982,12.158968850698173,7.098997493734335,2,6,1456.8347861259988,278.73894567371445,0.9027000000000001,2016-09-13
0,nearby_place_same_date,rimbi-2026-08-13,2026-08-13,8,27.397,88.363,1,Sikkim,12.4,2.6,20.3,71.6,301.2,554.2,166.888,2,7,8.77,12.63,74.41,304.67,0.409,0.412,0.416,24.3,19.1,0,1761,33.244,232.765,-0.605,-0.796,0.019,740,1,0,,open-meteo-era5,27.381,88.391,7.27,2.99,0.9307657038055939,1.40695617999607,2.5410362219165523,0,0,1630.8760388629585,531.5274995869588,0.9246000000000001,2026-07-12
0,nearby_place_same_date,rimbi-2026-09-24,2026-09-24,9,27.407,88.304,1,Sikkim,47.3,20.4,68.8,81.1,143.5,341.9,78.992,4.1,6,28.49,45.06,127.85,395.31,0.396,0.375,0.392,16.8,15.2,0,1718,20.615,163.695,-0.96,0.281,-0.849,622,2.178,3,5.2,open-meteo-era5,27.311,88.292,5.11,2.99,4.487932159165035,2.267263069611406,2.2302674494455315,0,1,3000,3000,0.8698,2026-08-13
