label,sample_type,event_id,date,month,lat,lng,accuracy_km,state,rain_d0,rain_d1,rain_3d,rain_7d,rain_15d,rain_30d,api_30d,max_1h_48h,rainy_days_7d,power_rain_d0,power_rain_3d,power_rain_7d,power_rain_30d,sm_top,sm_mid,sm_deep,tmax_d0,tmin_d0,snowfall_7d,elev_m,slope_deg,aspect_deg,northness,eastness,curvature,relief_1km,quake_max_mmi_30d,quake_count_300km_30d,quake_max_mag_300km_30d,weather_source,weather_grid_lat,weather_grid_lng
0,roadside_same_date,glc-57,2007-04-11,4,27.406,88.833,5,,3.5,6.8,16.9,63.9,91,184.5,70.624,1.2,7,0.01,8.45,9.91,15.07,0.415,0.414,0.407,4.4,-7.9,14.21,4548,19.4,169.552,-0.983,0.181,0.241,426,1,0,,open-meteo-era5,27.452,88.792
0,roadside_same_date,glc-93,2007-06-13,6,27.088,88.439,25,West Bengal,8.4,4.8,17.9,130.4,138.6,197,108.176,4,6,4.13,6.79,67.29,139.25,0.411,0.404,0.35,28.5,23.4,0,529,28.948,160.201,-0.941,0.339,0.787,511,4.487,3,4.9,open-meteo-era5,27.1,88.398
0,roadside_same_date,glc-94,2007-06-15,6,27.128,88.695,25,West Bengal,83,10.2,106.8,179.4,234.9,322.1,101.57,9.1,7,12.63,22.96,84.1,155.34,0.418,0.421,0.413,18.8,17.3,0,1607,27.633,263.956,-0.105,-0.994,0.019,648,3.972,2,4.9,open-meteo-era5,27.1,88.699
0,roadside_same_date,glc-126,2007-07-16,7,27.303,88.568,25,Sikkim,17.3,8.6,43.3,288.3,486.4,717.1,307.309,2.7,7,8.62,25.4,74.12,158.13,0.429,0.428,0.417,23.1,20,0,1380,16.624,43.335,0.727,0.686,0.241,411,1,0,,open-meteo-era5,27.311,88.594
0,roadside_same_date,glc-130,2007-07-19,7,26.384,91.822,25,Assam,12.7,7.2,29.4,304.5,362.6,548.2,272.296,1.2,7,36.01,56.06,99.1,289.79,0.465,0.483,0.454,29.7,26.1,0,55,0.631,,0,0,-0.019,14,1.827,1,4.8,open-meteo-era5,26.397,91.782
0,roadside_same_date,glc-142,2007-07-27,7,25.634,90.443,10,Meghalaya,43.6,44,111.6,159.6,234.7,328.3,136.789,5.3,7,36.68,115.48,198.81,494.75,0.479,0.495,0.481,25.3,22.7,0,482,10.858,256.139,-0.24,-0.971,0.197,104,1.03,0,,open-meteo-era5,25.624,90.489
0,roadside_same_date,glc-147,2007-07-30,7,22.392,92.865,25,Mizoram,2.8,1.5,9.1,57.2,357.3,548.6,179.736,0.8,7,0.31,3.17,25.87,228.9,0.411,0.414,0.416,28.3,21,0,579,24.666,302.629,0.539,-0.842,0.107,426,3.471,4,4.8,open-meteo-era5,22.39,92.888
0,roadside_same_date,glc-148,2007-07-30,7,22.803,93.003,25,Mizoram,1,0.9,3.2,39.8,321,517.1,160.175,0.3,6,0.45,4.35,32.56,193.38,0.405,0.409,0.42,23.8,16.7,0,1240,13.462,280.533,0.183,-0.983,-0.045,261,3.444,4,4.8,open-meteo-era5,22.742,93.091
0,roadside_same_date,glc-151,2007-08-02,8,27.101,88.548,25,West Bengal,122.2,122,286.3,439.7,1052.8,1533.9,535.56,9.9,7,7.51,24.26,125.62,528.5,0.425,0.427,0.429,19.4,16.6,0,1546,19.379,136.693,-0.728,0.686,-0.125,500,1,0,,open-meteo-era5,27.1,88.598
0,roadside_same_date,glc-210,2007-08-25,8,27.025,88.099,25,West Bengal,4.8,8.7,24,47.4,305.1,604.9,154.317,1.8,7,4.63,28.19,47.01,282.66,0.419,0.419,0.407,20.5,14.7,0,2286,28.717,149.826,-0.865,0.503,-0.633,601,4.243,2,5,open-meteo-era5,27.1,88.098
0,roadside_same_date,glc-211,2007-08-26,8,24.759,93.375,5,Manipur,37.1,25,75,104.8,224,358.4,121.714,4.3,7,13.44,17.8,42.61,173.73,0.426,0.427,0.423,24.8,23.4,0,338,24.553,33.857,0.83,0.557,0.332,405,1.957,6,4.8,open-meteo-era5,24.78,93.38
0,roadside_same_date,glc-218,2007-08-29,8,27.07,88.178,10,West Bengal,14,4.7,27.5,60.9,231.1,479.7,127.967,2.2,7,2.51,7.39,40.94,202.7,0.401,0.402,0.397,24.6,19.7,0,1225,25.385,111.335,-0.364,0.931,-1.113,650,4.185,2,5,open-meteo-era5,27.1,88.198
0,roadside_same_date,glc-221,2007-08-31,8,22.892,88.332,10,West Bengal,2.4,2.1,7.8,33.5,109.8,254.2,67.631,1.3,7,0.03,0.97,16.83,232.27,0.395,0.399,0.381,32.1,25.8,0,13,1.072,,0,0,-0.072,12,1.432,1,4.5,open-meteo-era5,22.882,88.311
0,roadside_same_date,glc-220,2007-08-31,8,25.482,93.977,25,Manipur,16.7,13.9,50.7,169.7,240.3,418.9,168.58,2.9,7,2.23,5.86,21.95,116.19,0.438,0.437,0.436,23.7,18.3,0,1630,33.615,267.709,-0.04,-0.999,0.261,620,1.437,4,4.6,open-meteo-era5,25.483,94.002
0,roadside_same_date,glc-231,2007-09-05,9,27.275,88.137,5,West Bengal,112.6,56.8,199.9,330.7,460.3,752,259.329,10.2,7,19.72,39.91,73.64,204.42,0.427,0.43,0.433,18.7,15.3,0,1848,33.647,219.616,-0.77,-0.638,0.01,748,4.456,2,5,open-meteo-era5,27.311,88.192
0,roadside_same_date,glc-241,2007-09-07,9,27.086,88.42,25,,121,81.8,246.8,347.6,466,1014,294.059,8.8,7,42.18,104.01,140.79,332.25,0.428,0.433,0.425,25.5,24.1,0,260,22.097,218.633,-0.781,-0.624,-0.077,432,3.814,2,5,open-meteo-era5,27.1,88.398
0,roadside_same_date,glc-242,2007-09-07,9,26.976,88.657,25,West Bengal,100.2,80.6,200.3,283.5,408.4,951.3,267.049,9.2,7,48.76,109.89,146.28,333.64,0.369,0.367,0.361,21.8,20.8,0,451,15.609,160.296,-0.941,0.337,0.038,263,3.415,2,5,open-meteo-era5,26.96,88.701
0,roadside_same_date,glc-252,2007-09-09,9,25.754,94.087,25,Nagaland,29.2,52.7,98.3,187.6,439.8,679.7,251.806,6.6,7,10.14,43.03,124.26,287.54,0.487,0.501,0.495,23.2,18.9,0,1249,7.107,323.686,0.806,-0.592,0.591,219,1.273,2,4.6,open-meteo-era5,25.764,94.118
0,roadside_same_date,glc-256,2007-09-10,9,27.257,88.307,10,Sikkim,18.8,44,168.8,450.2,575.2,1169.2,451.295,4.2,7,4.34,10.83,82.12,230.36,0.429,0.433,0.421,25.4,21.3,0,754,24.488,250.004,-0.342,-0.94,0.443,514,1.889,1,4,open-meteo-era5,27.241,88.294
0,roadside_same_date,glc-255,2007-09-10,9,24.547,93.969,25,Manipur,1.9,3,11.1,130.6,182,317.5,131.785,1,7,2.16,25.43,106.78,200.47,0.488,0.485,0.47,25.8,21.2,0,774,3.037,198.435,-0.949,-0.316,-0.101,83,2.312,4,4.6,open-meteo-era5,24.569,93.947
0,roadside_same_date,glc-260,2007-09-11,9,27.038,88.396,5,,7.7,18.8,70.5,423.3,575,1127.7,424.72,2.7,7,5.32,18.32,128.9,334.69,0.427,0.427,0.427,22.2,18.1,0,1229,23.83,144.019,-0.809,0.588,-0.105,639,1.632,1,4,open-meteo-era5,27.03,88.4
0,roadside_same_date,glc-264,2007-09-13,9,25.867,91.671,10,Assam,21.3,19.2,47.2,393.1,616.3,874.7,375.334,5.8,7,2.25,9.52,143.47,391.61,0.482,0.493,0.469,28.9,22.2,0,351,1.416,,0,0,0.122,168,1,0,,open-meteo-era5,25.905,91.67
0,roadside_same_date,glc-313,2007-10-16,10,25.624,94.34,5,Nagaland,24.8,19.9,52.4,97.4,210.6,291.7,123.087,4.3,7,11.94,31.89,37.29,81.9,0.458,0.48,0.511,19.9,14.8,0,1657,23.627,109.036,-0.326,0.945,-0.973,489,1.747,3,4.5,open-meteo-era5,25.624,94.304
0,roadside_same_date,glc-322,2007-10-21,10,24.985,93.499,25,Assam,0.7,10.5,12.9,53.4,119.4,172.8,68.418,2.7,6,2.79,21.88,64.95,124.21,0.416,0.414,0.416,21.6,11.8,0,1194,13.638,260.584,-0.164,-0.987,-0.056,313,1.964,3,4.5,open-meteo-era5,24.991,93.585
0,roadside_same_date,glc-585,2008-06-14,6,26.969,93.498,25,Arunachal Pradesh,19.5,10.8,37.9,65.9,208,299.3,103.038,2.7,7,42.4,85.43,148.59,427.26,0.418,0.425,0.422,26.7,24.3,0,144,2.801,143.13,-0.8,0.6,-0.115,56,1.903,3,4.5,open-meteo-era5,26.96,93.496
0,roadside_same_date,glc-587,2008-06-15,6,26.982,93.931,25,Assam,2.3,25.3,50.8,105.1,183.3,326.7,125.609,2.6,7,2.5,69.15,144.84,429.65,0.449,0.443,0.466,30.7,24.4,0,86,0.853,,0,0,0.067,9,1.81,4,4.5,open-meteo-era5,26.96,93.896
0,roadside_same_date,glc-594,2008-06-19,6,24.688,93.993,25,Manipur,5.8,11.1,35.5,72.2,151.2,179.9,87.177,1.6,7,6.48,26.29,48.27,129.19,0.5,0.497,0.407,25,21.4,0,777,0.784,,0,0,0.083,89,1.924,5,4.6,open-meteo-era5,24.71,93.955
0,roadside_same_date,glc-595,2008-06-20,6,26.875,88.509,25,West Bengal,10.9,64.3,123.8,209.8,322.8,470,230.905,7.8,7,50.64,82.69,128.41,270.93,0.412,0.42,0.435,26.5,23.5,0,180,1.129,,0,0,-0.057,54,1.289,2,4.4,open-meteo-era5,26.889,88.503
0,roadside_same_date,glc-614,2008-06-29,6,27.024,88.577,5,West Bengal,5.6,8.6,80.9,143.8,294.1,608.1,219.703,2.6,7,15.11,27.23,47.24,304.04,0.421,0.426,0.435,19.7,16.1,0,1622,21.19,140.38,-0.77,0.638,0.824,364,1,1,4.1,open-meteo-era5,27.03,88.6
0,roadside_same_date,glc-620,2008-06-30,6,27.249,88.438,5,West Bengal,18.7,5.6,32.9,148.6,304.2,619.6,203.006,2.4,7,7.1,31.68,46.13,307.95,0.41,0.403,0.418,27,20.3,0,915,17.503,105.333,-0.264,0.964,-0.096,437,1,1,4.1,open-meteo-era5,27.17,88.396
0,roadside_same_date,glc-692,2008-08-07,8,25.98,94.196,10,Nagaland,6.2,29.4,37.6,83,174.7,284.6,108.181,4.2,7,0.64,27.39,49.38,251.69,0.469,0.486,0.513,24.2,18.2,0,1349,19.084,197.546,-0.953,-0.301,0.217,418,2.198,3,5.2,open-meteo-era5,25.975,94.23
0,roadside_same_date,glc-755,2008-08-28,8,27.125,88.418,25,Sikkim,76.1,65.9,198.3,386.8,829.2,1195.7,463.227,6,7,7.61,18.76,48.16,380.04,0.427,0.43,0.432,18.4,16.8,0,1517,21.653,69.216,0.355,0.935,-0.086,417,3.241,0,,open-meteo-era5,27.1,88.398
0,roadside_same_date,glc-760,2008-08-29,8,25.934,93.973,25,Nagaland,4.7,10,15.6,99.3,174.2,314.3,110.974,3.4,6,7.59,20.67,27.31,234.74,0.463,0.455,0.498,28.3,24.1,0,177,4.384,235.305,-0.569,-0.822,0.019,49,2.943,2,4.2,open-meteo-era5,25.975,93.934
0,roadside_same_date,glc-1032,2009-05-26,5,27.275,87.995,5,West Bengal,130.4,31.9,171.2,241.6,307.9,398.4,122.538,10.4,7,85.92,111.09,111.32,164.62,0.428,0.428,0.427,14.1,11.2,0,2664,22.924,185.826,-0.995,-0.102,0.732,649,1,0,,open-meteo-era5,27.241,87.993
0,roadside_same_date,glc-1031,2009-05-26,5,27.187,88.386,5,West Bengal,134.8,20.5,157,183.9,228.7,275.3,61.393,10.6,7,99.34,122.1,123.02,203.57,0.425,0.422,0.416,14.7,11.5,0,1977,26.581,1.965,0.999,0.034,0.327,619,1,0,,open-meteo-era5,27.241,88.395
0,roadside_same_date,glc-1030,2009-05-26,5,27.007,88.443,25,West Bengal,166.1,20.4,186.5,197.3,218.5,234.9,35.837,14.8,6,122.58,150.47,151.9,242.02,0.351,0.23,0.199,22,20.8,0,304,29.881,102.171,-0.211,0.978,0.182,375,1,0,,open-meteo-era5,26.96,88.502
0,roadside_same_date,glc-1037,2009-06-17,6,27.232,88.412,5,West Bengal,67.7,7.7,79.9,102,180.3,436.8,87.676,7.1,7,0.06,1.88,10.08,178.63,0.425,0.424,0.423,19.4,13.7,0,1872,20.996,36.687,0.802,0.597,-0.212,433,1.012,0,,open-meteo-era5,27.311,88.393
0,roadside_same_date,glc-1061,2009-07-01,7,27.179,88.401,1,,37.8,24.1,127.6,351,527.7,651,335.539,3.1,7,41.45,55.73,87.12,129.61,0.427,0.428,0.426,19.1,14.9,0,1889,29.054,247.565,-0.382,-0.924,-0.394,625,1,0,,open-meteo-era5,27.241,88.395
0,roadside_same_date,glc-1050,2009-07-03,7,26.975,88.32,10,West Bengal,37.1,61.8,146,414.1,481.4,621.1,336.146,11,7,9.25,79.07,120.36,163.84,0.427,0.427,0.429,18,15.1,0,2018,17.207,7.49,0.991,0.13,0.057,436,1,0,,open-meteo-era5,27.03,88.2
0,roadside_same_date,glc-1055,2009-07-22,7,27.148,88.281,10,West Bengal,41,9.4,54.5,85,193,949.1,155.075,5.6,7,7.51,17.96,50.82,232.58,0.408,0.405,0.409,29,24.8,0,342,19.92,137.192,-0.734,0.68,-0.538,362,1,0,,open-meteo-era5,27.17,88.296
0,roadside_same_date,glc-1054,2009-07-22,7,27.139,88.216,10,West Bengal,19.1,8.3,28.2,61,162.9,810.1,145.773,2.3,6,7.51,17.96,50.82,232.58,0.404,0.401,0.383,26.9,22.8,0,569,31.304,125.323,-0.578,0.816,-0.788,304,1,0,,open-meteo-era5,27.17,88.296
0,roadside_same_date,glc-1056,2009-07-22,7,27.092,88.456,10,West Bengal,41,9.4,54.5,85,193,949.1,155.075,5.6,7,8.05,19.31,53.24,237.32,0.409,0.411,0.385,29.9,25.2,0,329,33.134,120.558,-0.508,0.861,0.163,333,1,0,,open-meteo-era5,27.1,88.398
0,roadside_same_date,glc-1084,2009-08-12,8,27.524,92.567,5,Arunachal Pradesh,65.4,31.9,116.1,174.6,559.7,947.5,303.126,6.4,7,17.32,32.27,50.39,228.18,0.428,0.428,0.427,15,12.6,0,2621,22.216,348.893,0.981,-0.193,0.077,592,2.028,0,,open-meteo-era5,27.522,92.52
0,roadside_same_date,glc-1094,2009-08-16,8,27.271,88.628,0.5,West Bengal,165.3,17.6,372.1,538.5,1036.2,1674.1,576.134,10.7,7,11.06,20.07,49.71,252.29,0.417,0.427,0.412,22.4,19.3,0,1355,25.727,327.685,0.845,-0.535,-0.308,525,2.233,0,,open-meteo-era5,27.311,88.594
0,roadside_same_date,glc-1091,2009-08-16,8,26.971,88.563,25,West Bengal,137.5,22.9,309,410.5,649,1021.7,369.67,9.8,7,33.17,47.52,85.74,393.19,0.427,0.428,0.417,20.2,19.1,0,1130,27.039,264.084,-0.103,-0.995,-0.469,494,2.157,0,,open-meteo-era5,27.03,88.6
0,roadside_same_date,glc-1089,2009-08-16,8,27.07,88.182,10,West Bengal,37.1,17,127.5,222.9,387.2,696,258.568,5.1,7,15.93,28.57,61.51,342.4,0.424,0.423,0.426,22.7,20.7,0,1204,24.101,153.505,-0.895,0.446,0.576,634,2.236,0,,open-meteo-era5,27.1,88.198
0,roadside_same_date,glc-1092,2009-08-16,8,26.649,88.177,5,West Bengal,22.7,21,104.4,196.9,364.8,603.5,237.663,2.7,7,42.73,61.93,96.57,444.65,0.427,0.43,0.413,24.9,23.9,0,139,0.297,,0,0,0.01,52,2.114,0,,open-meteo-era5,26.678,88.111
0,roadside_same_date,glc-1088,2009-08-16,8,27.023,88.092,5,West Bengal,34.1,14.9,120.9,222.7,425.6,791.4,278.21,4.8,7,15.93,28.57,61.51,342.4,0.424,0.425,0.427,17.3,15.4,0,2453,29.622,99.665,-0.168,0.986,0.153,579,2.233,0,,open-meteo-era5,27.1,88.098
0,roadside_same_date,glc-1090,2009-08-16,8,27.17,88.322,5,West Bengal,137.5,22.9,309,410.5,649,1021.7,369.67,9.8,7,15.93,28.57,61.51,342.4,0.419,0.417,0.417,23.8,21.7,0,731,29.42,26.732,0.893,0.45,-0.394,482,2.248,0,,open-meteo-era5,27.17,88.296
0,roadside_same_date,glc-1093,2009-08-16,8,26.885,88.48,5,West Bengal,30.7,21.8,124.4,223.3,387.7,641.8,255.316,2.4,7,33.17,47.52,85.74,393.19,0.428,0.425,0.426,25,24.1,0,182,16.654,226.325,-0.691,-0.723,-0.01,234,2.144,0,,open-meteo-era5,26.889,88.503
0,roadside_same_date,glc-1102,2009-08-19,8,27.274,88.017,10,,24.9,26.5,110.7,264.6,477.7,867,308.765,4.9,7,40.68,60.27,78.52,263.88,0.426,0.427,0.425,16.1,12.4,0,2771,41.89,145.136,-0.821,0.572,0.414,598,2.321,0,,open-meteo-era5,27.241,87.993
0,roadside_same_date,glc-1109,2009-08-20,8,25.338,92.952,25,Assam,16.6,11.3,44.5,155.7,219.4,479,157.685,3.4,7,12.55,40.34,100.43,285.98,0.508,0.503,0.492,26.3,22.2,0,501,11.514,71.35,0.32,0.947,0.037,264,2.945,2,5.5,open-meteo-era5,25.343,92.922
0,roadside_same_date,glc-1112,2009-08-20,8,27.117,88.313,25,Sikkim,111.4,20.8,163.6,369.7,565.8,918.9,308.921,15.9,7,61.76,146.77,195.56,466.42,0.427,0.427,0.426,24.5,23.1,0,537,11.346,107.771,-0.305,0.952,0.374,297,2.233,0,,open-meteo-era5,27.17,88.296
0,roadside_same_date,glc-1108,2009-08-20,8,25.101,93.283,10,Assam,14.2,4.9,29.1,96.8,173.3,384,112.603,1.1,7,12.53,39.22,114.93,310.35,0.455,0.452,0.463,23.8,20.5,0,790,19.241,69.19,0.355,0.935,-0.733,469,3.186,3,5.5,open-meteo-era5,25.132,93.301
0,roadside_same_date,glc-1111,2009-08-20,8,27.149,88.785,5,West Bengal,49.1,33,106.1,605.9,884,1536.4,585.761,6.1,7,47.06,120.65,200.19,501.12,0.424,0.425,0.407,19.4,16.9,0,1943,30.365,21.468,0.931,0.366,-0.307,635,2.175,0,,open-meteo-era5,27.17,88.797
0,roadside_same_date,glc-1107,2009-08-20,8,27.022,88.859,25,West Bengal,38.7,31,94.8,563.2,816.5,1273.7,524.61,6.3,7,47.06,120.65,200.19,501.12,0.395,0.393,0.358,23.2,19.9,0,772,13.965,182.539,-0.999,-0.044,0.834,337,2.13,0,,open-meteo-era5,27.03,88.9
0,roadside_same_date,glc-1110,2009-08-20,8,26.586,88.481,10,West Bengal,23.9,26.1,94.8,221.6,394.4,672.1,256.764,2.5,7,51.66,157.74,303.4,670.99,0.428,0.433,0.431,28.2,24.6,0,99,0.221,,0,0,0,10,2.062,0,,open-meteo-era5,26.608,88.51
0,roadside_same_date,glc-1106,2009-08-20,8,27.111,88.344,1,West Bengal,111.4,20.8,163.6,369.7,565.8,918.9,308.921,15.9,7,61.76,146.77,195.56,466.42,0.427,0.427,0.426,25.4,24.1,0,385,25.256,198.153,-0.95,-0.312,0.163,466,2.227,0,,open-meteo-era5,27.17,88.296
0,roadside_same_date,glc-1125,2009-08-26,8,27.04,88.693,25,Sikkim,36.5,30,83.9,170,780,1136.7,375.773,4.9,7,6.68,17.01,83.26,453.94,0.381,0.379,0.35,22.3,18.1,0,1154,18.972,259.33,-0.185,-0.983,-0.144,379,1.476,0,,open-meteo-era5,27.03,88.7
0,roadside_same_date,glc-1127,2009-08-27,8,24.884,93.151,10,Assam,5.9,8.1,14,95.7,200.4,365.7,121.188,3.3,6,4.12,19.43,59.39,295.64,0.392,0.388,0.386,29.1,23.5,0,65,2.307,287.354,0.298,-0.954,0.24,29,3.173,3,5.5,open-meteo-era5,24.851,93.19
0,roadside_same_date,glc-1168,2009-09-17,9,27.181,88.397,5,Sikkim,11.2,5.7,26.1,128.7,215.1,542.9,144.568,2.9,7,4.44,11.13,15.12,247.32,0.421,0.422,0.422,19,14.1,0,1847,40.742,216.087,-0.808,-0.589,-0.125,606,1.871,0,,open-meteo-era5,27.241,88.395
0,roadside_same_date,glc-1222,2009-10-05,10,23.834,92.61,5,Mizoram,14.8,13.7,60,68.6,182.4,299.2,101.402,3.2,6,16.78,55.85,63.55,201.82,0.425,0.425,0.413,26.9,22.3,0,482,3.293,39.958,0.767,0.642,0.045,87,3.018,0,,open-meteo-era5,23.866,92.571
0,roadside_same_date,glc-1596,2010-03-27,3,24.655,94.123,5,Manipur,2.5,0,2.5,2.5,2.7,8.7,0.822,1.4,1,11.16,12.96,14.98,30.97,0.262,0.28,0.312,30.1,17.2,0,962,11.351,245.273,-0.418,-0.908,0.396,261,3.118,2,5.5,open-meteo-era5,24.64,94.143
0,roadside_same_date,glc-1611,2010-04-01,4,24.961,93.019,25,Assam,50.9,106,231.3,275.6,276.5,323.1,212.854,8.9,5,40.47,104.47,158.73,176.46,0.435,0.433,0.307,27.2,20,0,142,5.605,252.897,-0.294,-0.956,-0.5,107,2.655,2,5.5,open-meteo-era5,24.921,93
0,roadside_same_date,glc-1613,2010-04-02,4,27.931,93.685,1,Arunachal Pradesh,7,6.6,19.3,62.8,123.5,229.4,78.351,1.6,6,8.94,23.99,50.35,109.93,0.421,0.423,0.423,18.2,12,0,1261,40.174,141.17,-0.779,0.627,-0.097,639,2.051,0,,open-meteo-era5,27.944,93.653
0,roadside_same_date,glc-1755,2010-04-17,4,27.152,88.799,5,Sikkim,3.1,4,8.1,17.1,33.5,115.1,29.433,2.2,6,1.42,4.12,9.66,12.16,0.198,0.197,0.228,19.3,14.3,0,1624,26.203,205.672,-0.901,-0.433,-0.288,512,1.582,0,,open-meteo-era5,27.1,88.799
0,roadside_same_date,glc-1756,2010-04-17,4,27.082,88.51,1,Sikkim,4.7,1.9,8.4,25.3,48.2,192.8,44.656,1.2,6,1.42,4.12,9.66,12.16,0.178,0.203,0.25,20.5,15.6,0,1462,22.002,216.87,-0.8,-0.6,0.048,387,1.535,0,,open-meteo-era5,27.1,88.498
0,roadside_same_date,glc-1771,2010-04-20,4,26.06,91.888,0.5,Assam,8,13.9,39.8,54.5,58.1,79.1,45.483,3.1,5,33.21,123.36,189.67,297.34,0.477,0.478,0.338,24.3,21.1,0,64,0.405,,0,0,0.019,63,1.546,0,,open-meteo-era5,26.116,91.873
0,roadside_same_date,glc-1770,2010-04-20,4,26.355,91.866,1,Assam,50.4,24.8,105.5,182.6,190.6,282.4,123.665,4.2,7,46.99,135.63,189.17,292.54,0.469,0.476,0.513,24.2,20.9,0,54,1.089,,0,0,-0.085,13,1.616,0,,open-meteo-era5,26.327,91.879
0,roadside_same_date,glc-1776,2010-04-21,4,25.651,92.159,25,Meghalaya,4.7,29.1,70.5,142.9,161.7,246.4,134.564,4.1,7,32.51,117.95,242.77,410.14,0.48,0.498,0.473,25.3,19.2,0,882,12.299,295.286,0.427,-0.904,0.225,185,1.458,0,,open-meteo-era5,25.694,92.155
0,roadside_same_date,glc-1857,2010-05-11,5,25.48,91.984,25,Meghalaya,16.6,3.7,27,63.1,118.7,522.7,106.598,3.2,7,11.65,30.12,66.72,543.34,0.501,0.499,0.482,23.3,16.9,0,1620,6.479,147.155,-0.84,0.542,0.084,287,1.124,1,4.5,open-meteo-era5,25.483,91.952
0,roadside_same_date,glc-1929,2010-05-31,5,27.016,88.644,5,Sikkim,10.7,3.8,20.2,79.8,226.3,280.4,117.406,2.4,7,9.83,19.97,39.98,204.31,0.406,0.402,0.354,22.4,15.6,0,1570,26.621,261.435,-0.149,-0.989,0.268,535,1.494,0,,open-meteo-era5,27.1,88.699
0,roadside_same_date,glc-1935,2010-06-03,6,24.139,91.819,5,Tripura,12.6,7.5,29.5,133.5,254.6,371.6,145.617,3.1,7,40.65,82.29,196.52,497.9,0.415,0.416,0.419,33.3,25.8,0,46,0.306,,0,0,0.027,18,1,0,,open-meteo-era5,24.148,91.817
0,roadside_same_date,glc-1934,2010-06-03,6,24.861,92.618,25,Assam,5.7,16.3,36.4,170.4,390.3,573.3,220.924,1.6,7,69.29,152.71,199.04,608.3,0.485,0.494,0.49,31,24.4,0,23,0.729,,0,0,0.124,13.238,1,0,,open-meteo-era5,24.851,92.61
0,roadside_same_date,glc-1963,2010-06-11,6,27.277,88.436,10,West Bengal,11.2,32.4,83.1,186.3,241.7,415.6,187.595,5.7,7,0.87,0.88,5.48,122.41,0.417,0.412,0.435,29.9,20.1,0,464,25.315,122.289,-0.534,0.845,-0.058,451,1.556,0,,open-meteo-era5,27.241,88.395
0,roadside_same_date,glc-1986,2010-06-15,6,26.519,94.774,1,Nagaland,18.6,16.9,51.4,92.9,349,502.8,169.27,5.9,7,30.83,61.94,119.4,340.25,0.479,0.494,0.489,24.5,20.6,0,1023,25.19,154.696,-0.904,0.427,0.029,489,1.57,2,4.6,open-meteo-era5,26.538,94.763
0,roadside_same_date,glc-1987,2010-06-15,6,25.433,93.38,25,Assam,25.4,3.5,37.3,65.7,347.9,513.1,162.212,4.3,7,19.71,39.49,110.51,386.92,0.479,0.467,0.475,31.6,22.6,0,403,8.433,120.324,-0.505,0.863,-0.308,73,1.484,1,4.4,open-meteo-era5,25.413,93.315
0,roadside_same_date,glc-1993,2010-06-16,6,27.034,88.38,10,West Bengal,10.9,12.1,30.3,106.5,223.8,486.4,142.982,2.8,7,27.13,40.16,56.59,209.2,0.417,0.415,0.414,23.3,18.8,0,1223,25.575,142.691,-0.795,0.606,0.115,701,1,0,,open-meteo-era5,27.03,88.3
0,roadside_same_date,glc-1995,2010-06-16,6,27.34,88.612,10,West Bengal,5.3,6,14.5,85.7,265.5,453.5,147.359,1.4,7,18.61,25.37,36.31,147.22,0.4,0.403,0.397,23,17.9,0,1698,20.617,220.236,-0.763,-0.646,0.28,439,1,0,,open-meteo-era5,27.381,88.592
0,roadside_same_date,glc-1994,2010-06-16,6,25.359,92.976,25,Assam,0.8,11.6,21.2,56.7,515.9,835.5,268.681,1.9,6,5.18,30.45,80.41,384.97,0.492,0.493,0.445,27.8,23.1,0,496,7.274,126.545,-0.595,0.803,0.224,111,1.301,1,4.4,open-meteo-era5,25.343,92.922
0,roadside_same_date,glc-1996,2010-06-17,6,26.219,94.872,25,Nagaland,7.2,7.1,29.8,71.8,317.2,493.4,148.201,2.2,7,3.68,44.88,86.75,344.87,0.444,0.44,0.452,19.8,13.1,0,2410,26.191,328.745,0.855,-0.519,-0.009,391,1.766,2,4.6,open-meteo-era5,26.186,94.836
0,roadside_same_date,glc-2025,2010-06-28,6,25.504,91.815,5,Meghalaya,99.4,77.2,270.6,466.2,697.7,982.2,429.295,8,7,49.93,121.2,150.53,653.89,0.484,0.498,0.486,21.9,18.5,0,1690,2.917,211.43,-0.853,-0.521,0.075,79,1,0,,open-meteo-era5,25.483,91.855
0,roadside_same_date,glc-2034,2010-07-04,7,26.708,88.427,0.5,West Bengal,17.1,44.1,146.9,220.2,719.2,885.2,428.133,6.4,7,24.01,67.05,130.82,403.83,0.427,0.431,0.412,29.5,24.7,0,121,0.442,,0,0,-0.057,10,1,0,,open-meteo-era5,26.678,88.409
0,roadside_same_date,glc-2045,2010-07-06,7,26.268,95.112,5,Nagaland,10.2,11.8,36.8,107.6,230.7,410.5,145.251,4.3,7,13.18,37.16,73.13,373.06,0.457,0.464,0.471,26.1,20.2,0,1410,18.75,300.33,0.505,-0.863,-0.142,584,1.859,4,4.4,open-meteo-era5,26.257,95.137
0,roadside_same_date,glc-2044,2010-07-06,7,26.231,94.693,5,Nagaland,3.2,4.1,17,88.5,202.6,380.3,133.374,1.1,7,9.26,32.72,75.34,355.44,0.493,0.483,0.495,24,18.4,0,1593,29.204,273.615,0.063,-0.998,-0.312,516,1.78,4,4.4,open-meteo-era5,26.257,94.742
0,roadside_same_date,glc-2042,2010-07-06,7,26.196,94.421,5,Nagaland,5.5,6.1,28.1,115.9,315.7,523.5,185.38,2.6,7,9.14,35.75,73.22,362.61,0.494,0.485,0.508,27.5,21.8,0,929,6.228,341.162,0.946,-0.323,0.283,238,1.646,4,4.4,open-meteo-era5,26.186,94.441
0,roadside_same_date,glc-2043,2010-07-06,7,26.583,94.961,5,Nagaland,8.2,7.3,31.9,102.9,243,439.1,149.456,3.8,7,13.18,37.16,73.13,373.06,0.458,0.472,0.48,29.6,23.8,0,587,12.929,300.651,0.51,-0.86,-0.067,316,1.546,4,4.4,open-meteo-era5,26.608,94.967
0,roadside_same_date,glc-2098,2010-07-19,7,26.599,95.005,5,Nagaland,41.1,37,84.4,168.9,243.3,513.1,163.98,5.6,7,13.18,50.87,108.57,342.81,0.473,0.477,0.471,26.5,23.7,0,571,18.974,8.36,0.989,0.145,-0.476,291,1.536,3,4.4,open-meteo-era5,26.608,94.967
0,roadside_same_date,glc-2106,2010-07-20,7,26.61,95.179,25,Nagaland,65.8,31.4,123,212.6,394.2,735.1,239.44,4.9,7,12.51,45.78,113.14,335.49,0.449,0.449,0.45,21.6,19.2,0,1471,26.82,313.045,0.683,-0.731,0.238,508,1.529,3,4.4,open-meteo-era5,26.608,95.166
0,roadside_same_date,glc-2113,2010-07-21,7,27.147,88.783,25,Sikkim,84.5,29.9,158.9,360.4,839.4,1416.9,456.318,7.7,7,16.76,82.21,174.28,545.35,0.425,0.43,0.423,18.6,16.9,0,2083,20.123,48.796,0.659,0.752,0.183,579,1.385,2,4.6,open-meteo-era5,27.17,88.797
0,roadside_same_date,glc-2140,2010-07-25,7,25.32,93.008,25,Assam,15,9.5,34.4,62.5,167.1,335.1,88.442,4.4,7,2.07,21.08,58.07,256.49,0.477,0.486,0.48,30.8,22.9,0,705,7.795,345.719,0.969,-0.247,0.363,129,1.15,2,4.5,open-meteo-era5,25.272,92.919
0,roadside_same_date,glc-2164,2010-07-29,7,25.119,94.162,25,Manipur,24.5,8,35.5,103.8,165.8,266.8,93.86,3.6,7,16.97,36.01,57.34,251.97,0.463,0.459,0.477,25.4,21.9,0,859,3.163,348.69,0.981,-0.196,-0.399,159,1.129,2,4.4,open-meteo-era5,25.132,94.175
0,roadside_same_date,glc-2166,2010-07-29,7,24.785,93.197,10,Assam,39.4,4.1,59.3,129.5,205.3,415.4,122.865,5.2,7,22.03,44.9,72.57,287.78,0.412,0.417,0.423,26,24.4,0,143,19.808,316.621,0.727,-0.687,-0.305,218,1.28,2,4.6,open-meteo-era5,24.78,93.187
0,roadside_same_date,glc-2163,2010-07-29,7,25.381,94.279,5,Nagaland,23.7,8.7,34.2,86,220.1,424.7,116.517,3.3,7,17.06,32.41,58.35,246.28,0.489,0.488,0.485,20.4,17.1,0,1688,20.619,143.608,-0.805,0.593,-0.112,464,1.203,2,4.4,open-meteo-era5,25.413,94.29
0,roadside_same_date,glc-2182,2010-07-31,7,24.819,93.549,25,Manipur,12.9,10.8,68.7,120.5,207.9,404.1,139.477,2.1,7,17.28,60.98,86.61,274.76,0.421,0.42,0.426,25.9,22.7,0,408,21.848,101.579,-0.201,0.98,-0.859,400,1.276,2,4.6,open-meteo-era5,24.851,93.577
0,roadside_same_date,glc-2201,2010-08-05,8,27.234,88.593,5,West Bengal,26.3,19.3,57.1,283.9,622.5,1477.5,397.956,3.7,7,1.56,6.49,43.75,429.56,0.427,0.426,0.409,24.4,18.8,0,1304,9.83,112.027,-0.375,0.927,-0.221,377,1.316,2,4.6,open-meteo-era5,27.241,88.595
0,roadside_same_date,glc-2214,2010-08-06,8,27.315,88.364,25,West Bengal,6.4,14.8,39.3,105.5,403.6,1083.5,266.872,1.5,7,4.57,9.06,24.58,292.19,0.428,0.428,0.428,20.2,15.1,0,2123,18.083,297.047,0.455,-0.891,-0.164,425,1.424,2,4.6,open-meteo-era5,27.381,88.391
0,roadside_same_date,glc-2205,2010-08-06,8,23.469,92.819,1,Mizoram,12.6,16.1,45.3,81.8,180.4,314.8,112.586,7.8,7,0.22,10.98,27.6,162.35,0.424,0.426,0.427,25.4,19.5,0,1006,18.017,66.526,0.398,0.917,-0.316,324,2.102,2,4.6,open-meteo-era5,23.445,92.839
0,roadside_same_date,glc-2243,2010-08-13,8,25.822,94.33,5,Nagaland,11.9,7.4,30.7,49,159.4,395.4,98.502,5.2,7,18.58,24.04,33.85,223.84,0.443,0.479,0.468,27.1,21.9,0,886,5.813,57.633,0.535,0.845,0.573,229,1.566,5,4.6,open-meteo-era5,25.835,94.318
0,roadside_same_date,glc-2249,2010-08-14,8,25.819,94.647,25,Nagaland,12.1,5,22.3,34.1,94.6,360.5,73.976,1.3,6,9.65,33.46,41.81,210.11,0.495,0.486,0.459,24.1,20,0,1140,2.521,58.496,0.523,0.853,-0.854,478,1.734,5,4.6,open-meteo-era5,25.835,94.711
0,roadside_same_date,glc-2248,2010-08-14,8,25.966,94.653,25,Nagaland,15.1,12.4,35.8,64.6,138.8,392.5,103.968,2.3,7,9.65,33.46,41.81,210.11,0.503,0.498,0.469,20.8,17.5,0,1781,28.802,298.883,0.483,-0.876,-1.826,507,1.576,5,4.6,open-meteo-era5,25.975,94.623
0,roadside_same_date,glc-2247,2010-08-14,8,25.905,94.672,10,Nagaland,15.1,12.4,35.8,64.6,138.8,392.5,103.968,2.3,7,9.65,33.46,41.81,210.11,0.501,0.494,0.463,23.1,19.6,0,1298,33.694,178.75,-1,0.022,-0.498,499,1.64,5,4.6,open-meteo-era5,25.905,94.716
0,roadside_same_date,glc-2253,2010-08-15,8,25.287,94.233,25,Manipur,8.4,10.6,33.8,72.8,163.5,350.5,107.508,3.4,7,10.62,28.36,32.48,186.88,0.477,0.495,0.477,25.6,21.1,0,1191,23.174,301.407,0.521,-0.853,0.065,352,1.971,4,4.1,open-meteo-era5,25.272,94.184
0,roadside_same_date,glc-2261,2010-08-17,8,27.178,88.512,10,West Bengal,44.2,49.7,122.1,227.6,272.5,615.1,215.836,6.2,7,72.15,96.73,133.18,365.38,0.428,0.428,0.422,30,25.9,0,297,2.841,57.095,0.543,0.84,-0.298,424,1.231,1,4.5,open-meteo-era5,27.17,88.497
0,roadside_same_date,glc-2263,2010-08-17,8,26.014,94.512,25,Nagaland,1.6,16.4,43.3,60,115.3,289.3,86.543,1.8,7,12.9,36.84,70.53,224.6,0.485,0.497,0.503,21.7,18.2,0,1583,27.589,230.842,-0.631,-0.775,0.179,353,1.496,4,4.6,open-meteo-era5,25.975,94.525
0,roadside_same_date,glc-2282,2010-08-19,8,26.326,94.882,1,Nagaland,33.3,12.8,52.9,144.9,263.6,564.8,168.156,2.8,7,15.94,30.31,120.68,323.31,0.488,0.473,0.47,26.6,22.9,0,886,17.718,298.419,0.476,-0.879,0.038,322,1.755,4,4.6,open-meteo-era5,26.397,94.851
0,roadside_same_date,glc-2283,2010-08-19,8,25.192,93.332,5,Manipur,8.1,2.1,12.9,51.6,94.4,226.1,64.05,1,6,10.39,25.98,63.54,246.04,0.485,0.489,0.501,23.5,20.4,0,1057,19.259,80.473,0.166,0.986,-0.074,440,1.109,3,4.1,open-meteo-era5,25.202,93.305
0,roadside_same_date,glc-2281,2010-08-19,8,25.538,93.733,5,Nagaland,10.8,4.4,17.3,64.1,184.5,448.7,123.057,2.4,7,11.98,32.02,64.65,190.57,0.488,0.491,0.487,22.2,18.9,0,1358,5.219,127.476,-0.608,0.794,0.252,271,1.33,3,4.1,open-meteo-era5,25.483,93.807
0,roadside_same_date,glc-2279,2010-08-19,8,26.89,88.14,10,West Bengal,20.6,18.9,91.8,226,283.3,569.2,223.002,2.6,7,12.56,118.15,175.5,342.16,0.427,0.428,0.427,22.6,19.7,0,1406,18.885,33.633,0.833,0.554,-0.296,224,1.024,0,,open-meteo-era5,26.889,88.104
0,roadside_same_date,glc-2296,2010-08-20,8,27.074,88.395,10,Sikkim,64.5,87.1,186.8,377.7,452.4,703.2,308.953,14.5,7,5.94,55.21,177.09,330.36,0.43,0.433,0.426,23.8,20.5,0,1028,15.138,117.493,-0.462,0.887,0.038,424,1,0,,open-meteo-era5,27.1,88.398
0,roadside_same_date,glc-2304,2010-08-21,8,25.668,94.015,10,Nagaland,3.1,13.4,26.9,67.7,159.7,436.7,121.593,3.7,7,6.27,26.1,61.96,194.3,0.493,0.497,0.503,21.9,18.8,0,1537,23.732,118.963,-0.484,0.875,0.131,518,1.479,3,4.1,open-meteo-era5,25.694,94.015
0,roadside_same_date,glc-2341,2010-08-26,8,27.472,88.786,10,,19.6,10,59.9,137.3,272.9,417.8,166.493,2.2,7,24.76,44.37,87.38,279.48,0.424,0.425,0.425,4.8,2.4,4.2,4713,23.141,120.399,-0.506,0.863,-0.155,521,1,0,,open-meteo-era5,27.452,88.792
0,roadside_same_date,glc-2344,2010-08-27,8,24.702,93.537,5,Assam,8.1,7.6,27.5,60.4,273.9,483.6,129.246,1.2,7,7.5,12.26,26.18,169.25,0.422,0.424,0.419,26.1,21.4,0,759,23.526,235.784,-0.562,-0.827,-0.691,531,1.301,2,4.1,open-meteo-era5,24.71,93.569
0,roadside_same_date,glc-2343,2010-08-27,8,25.302,94.278,5,Nagaland,12.8,4.4,20.8,37.3,124.8,302,73.14,2.8,7,14.5,22.07,36.87,186.68,0.498,0.494,0.487,22.1,16.8,0,1751,7.136,277.193,0.125,-0.992,-0.093,367,2.013,5,4.6,open-meteo-era5,25.343,94.286
0,roadside_same_date,glc-2345,2010-08-27,8,27.223,88.624,5,Sikkim,28.9,23.3,72.2,393.1,920.4,1379,526.904,3.2,7,28.79,74.96,157.43,440.41,0.427,0.425,0.395,23.6,20.2,0,1047,14.892,147.043,-0.839,0.544,-0.452,391,1,0,,open-meteo-era5,27.241,88.595
0,roadside_same_date,glc-2392,2010-09-04,9,27.366,88.506,10,Sikkim,24.8,18.3,62.1,187.9,611.1,1269.7,364.778,3.6,7,2,17.97,46.09,283.13,0.426,0.427,0.426,21.9,16.6,0,1574,30.352,287.067,0.293,-0.956,-0.164,604,1,0,,open-meteo-era5,27.381,88.492
0,roadside_same_date,glc-2415,2010-09-12,9,25.936,94.004,25,Nagaland,7,0.7,10.7,14.4,51.4,119.3,27.293,1.1,4,3.35,7.79,44.14,242.18,0.458,0.478,0.492,29.3,23.5,0,241,8.528,165.964,-0.97,0.243,0.075,282,2.121,1,4.7,open-meteo-era5,25.975,93.934
0,roadside_same_date,glc-2424,2010-09-13,9,23.535,92.588,25,Mizoram,11.8,6.7,26.5,43.7,82.3,185.3,54.026,2.5,6,9.93,17.18,36.45,218.07,0.414,0.413,0.401,26.1,22.2,0,522,26.06,263.998,-0.105,-0.995,-0.018,349,2.607,1,5.1,open-meteo-era5,23.515,92.558
0,roadside_same_date,glc-2421,2010-09-13,9,24.067,92.776,1,Mizoram,11,4.9,21.9,62.3,105.7,198.7,67.799,3.4,7,11.41,19.1,46.34,235.41,0.417,0.419,0.418,25,21.1,0,694,30.276,324.49,0.814,-0.581,-0.584,475,2.391,2,5.1,open-meteo-era5,24.077,92.771
0,roadside_same_date,glc-2422,2010-09-13,9,23.58,92.436,1,Mizoram,11.8,6.7,26.5,43.7,82.3,185.3,54.026,2.5,6,9.93,17.18,36.45,218.07,0.413,0.412,0.399,24.1,19.9,0,819,17.723,113.703,-0.402,0.916,-0.344,368,2.726,1,5.1,open-meteo-era5,23.585,92.466
0,roadside_same_date,glc-2426,2010-09-13,9,22.993,92.942,25,Mizoram,21.8,5.7,41.4,57.1,81.3,178.2,51.193,6.7,6,5.03,10.88,22.34,143.4,0.42,0.419,0.404,26.3,21.8,0,519,14.006,149.783,-0.864,0.503,0.242,401,2.325,1,5.1,open-meteo-era5,23.023,92.915
0,roadside_same_date,glc-2423,2010-09-13,9,23.513,92.856,1,Mizoram,18.1,7.3,32,52.7,100.6,215,59.9,4,7,5.92,10.64,23.16,130.81,0.418,0.419,0.413,23.4,20.2,0,912,20.797,197.301,-0.955,-0.297,-0.081,328,2.412,2,5.1,open-meteo-era5,23.515,92.842
0,roadside_same_date,glc-2425,2010-09-13,9,23.428,92.739,25,Mizoram,18.1,7.3,32,52.7,100.6,215,59.9,4,7,9.93,17.18,36.45,218.07,0.416,0.417,0.405,25,20.8,0,724,22.523,13.758,0.971,0.238,0.181,372,2.497,1,5.1,open-meteo-era5,23.445,92.744
0,roadside_same_date,glc-2420,2010-09-13,9,24.012,92.768,1,Mizoram,11,4.9,21.9,62.3,105.7,198.7,67.799,3.4,7,11.41,19.1,46.34,235.41,0.416,0.418,0.419,24.8,21,0,749,20.27,127.648,-0.611,0.792,0.656,300,2.409,2,5.1,open-meteo-era5,24.007,92.768
0,roadside_same_date,glc-2436,2010-09-16,9,24.639,93.104,5,Mizoram,5.9,9.8,30.2,77,135,271.8,94.029,2.3,7,11.4,30.38,48.75,205.38,0.427,0.427,0.429,28.3,24,0,42,0.972,,0,0,0,33,2.06,2,5.1,open-meteo-era5,24.64,93.084
0,roadside_same_date,glc-2437,2010-09-16,9,24.003,92.929,5,Mizoram,18.6,18.4,53.5,82.8,166.4,298.2,101.025,4.6,7,7,24.62,39.57,166.12,0.427,0.428,0.427,22.8,18.8,0,996,10.396,275.599,0.098,-0.995,0.82,248,2.309,2,5.1,open-meteo-era5,24.007,92.959
0,roadside_same_date,glc-2539,2010-10-03,10,28.393,95.377,25,Arunachal Pradesh,4,3.5,10.2,67.2,192.3,866.5,141.78,1.5,7,2.35,13.64,31.43,426.52,0.406,0.405,0.408,22.1,14.2,0,1698,30.6,309.729,0.639,-0.769,0.777,558,1,0,,open-meteo-era5,28.366,95.312
0,roadside_same_date,glc-2566,2010-10-08,10,25.746,93.892,5,Nagaland,26.8,23.4,64.5,83.2,166.6,406.1,106.956,2.3,7,53.95,91.32,93.44,235.71,0.477,0.495,0.478,24.2,21.1,0,408,2.222,183.576,-0.998,-0.062,0.056,50,1.473,0,,open-meteo-era5,25.764,93.824
0,roadside_same_date,glc-2567,2010-10-08,10,25.99,94.615,5,Manipur,27.8,23.4,65.6,81.3,146.6,303.6,88.055,2.7,7,36.49,61.06,62.79,251.45,0.468,0.493,0.473,16.9,13.2,0,2016,16.534,101.31,-0.196,0.981,-0.857,449,1.225,0,,open-meteo-era5,25.975,94.623
0,roadside_same_date,glc-2570,2010-10-08,10,24.8,94.146,5,Manipur,23,28,75.3,83,128.8,218.9,80.821,2.2,5,72.74,130.58,135.83,259.09,0.49,0.497,0.485,21,18.8,0,852,7.731,193.299,-0.973,-0.23,0.157,175,1.591,0,,open-meteo-era5,24.78,94.152
0,roadside_same_date,glc-2569,2010-10-08,10,25.169,94.301,5,Nagaland,23.2,18.9,58.6,75.4,147.7,304.9,89.796,2.3,7,72.74,130.58,135.83,259.09,0.483,0.494,0.478,19.8,16.4,0,1342,27.407,42.175,0.741,0.671,0.371,319,1.472,0,,open-meteo-era5,25.202,94.276
0,roadside_same_date,glc-2568,2010-10-08,10,24.892,93.584,25,Assam,31.3,15.2,62.6,69.5,142.9,267.7,72.025,3,6,76.95,132.5,135.86,272.23,0.428,0.425,0.403,22.4,20.3,0,625,20.493,6.462,0.994,0.113,-0.111,371,1.786,0,,open-meteo-era5,24.851,93.577
0,roadside_same_date,glc-2578,2010-10-09,10,25.168,93.742,5,Nagaland,27.3,29.4,73.9,95.3,154.8,326.5,102.67,3.9,7,29.53,145.24,165.39,299.21,0.428,0.427,0.414,24.1,19.7,0,696,31.637,170.888,-0.987,0.158,-0.13,386,1.662,0,,open-meteo-era5,25.202,93.693
0,roadside_same_date,glc-2576,2010-10-09,10,25.479,94.346,10,Nagaland,17.9,24.1,65.1,102.9,200.3,410.9,130.823,3.1,7,23.12,99.99,119.47,256.38,0.49,0.499,0.509,20.9,14.7,0,1637,17.89,225.303,-0.703,-0.711,-0.299,290,1.399,0,,open-meteo-era5,25.483,94.295
0,roadside_same_date,glc-2579,2010-10-09,10,25.483,94.362,1,Nagaland,17.9,24.1,65.1,102.9,200.3,410.9,130.823,3.1,7,23.12,99.99,119.47,256.38,0.49,0.499,0.509,19.1,12.8,0,1918,25.196,115.71,-0.434,0.901,-0.037,410,1.394,0,,open-meteo-era5,25.483,94.295
0,roadside_same_date,glc-2573,2010-10-09,10,24.871,92.983,5,Assam,24,26.4,58.7,79,122.5,296.5,83.223,3.2,5,31.14,154.03,172.87,338.59,0.446,0.412,0.402,26.9,22.3,0,33,0.653,,0,0,-0.213,32,2.044,2,5.1,open-meteo-era5,24.851,92.997
0,roadside_same_date,glc-2587,2010-10-10,10,25.379,94.21,1,Nagaland,1.8,17.9,43.8,103.1,187.6,398.9,135.446,3.1,7,0.87,76.09,120.34,255.27,0.481,0.485,0.51,20.5,13.7,0,1724,12.83,167.142,-0.975,0.223,0.196,298,1,0,,open-meteo-era5,25.413,94.193
0,roadside_same_date,glc-2743,2010-11-22,11,27.614,91.705,1,Arunachal Pradesh,0,3.4,12.3,28.1,50,66.7,33.934,0.4,5,0,1.5,2.56,3.26,0.41,0.407,0.372,17.9,7.5,6.93,1461,21.173,172.333,-0.991,0.133,-0.833,538,2.13,2,4.6,open-meteo-era5,27.522,91.613
0,roadside_same_date,glc-3269,2011-03-22,3,28.267,96.548,10,Arunachal Pradesh,44.8,126.6,289.6,373.1,480.1,549.7,346.005,7.4,6,5.37,41.2,69.1,91.86,0.429,0.429,0.429,13.3,8.6,18.97,1453,39.994,316.794,0.729,-0.685,1.088,1024,2.076,0,,open-meteo-era5,28.225,96.523
0,roadside_same_date,glc-3525,2011-05-22,5,25.051,93.287,25,Assam,36.1,23.8,81.7,114.1,134.8,204.8,83.15,5.1,7,12.35,93.39,115.49,240.83,0.425,0.413,0.255,25.6,21.9,0,200,18.453,110.919,-0.357,0.934,0.176,168,3.256,4,4.7,open-meteo-era5,24.991,93.294
0,roadside_same_date,glc-3532,2011-05-24,5,25.256,92.83,10,Assam,16.4,13.9,111.3,190.9,258.1,363.3,180.942,3.9,7,11.78,44.85,108.06,222.08,0.492,0.486,0.508,25.5,20.7,0,896,9.806,337.011,0.921,-0.391,0.093,259,3.211,4,4.4,open-meteo-era5,25.272,92.822
0,roadside_same_date,glc-3556,2011-05-31,5,25.272,93.717,25,Manipur,93.7,54.6,167.7,195.4,369,463.7,168.723,10.2,7,14.01,37.17,43.15,220.66,0.429,0.429,0.423,25.8,22.7,0,644,26.085,189.926,-0.985,-0.172,-0.884,386,1.527,4,4.7,open-meteo-era5,25.272,93.697
0,roadside_same_date,glc-3621,2011-06-17,6,26.766,88.608,5,West Bengal,24,5.1,37.4,64.4,146.8,273.3,75.235,3.2,7,8.09,18.26,32.19,157.82,0.404,0.399,0.324,29.1,24.6,0,110,0.885,,0,0,0.048,14,3.32,1,5,open-meteo-era5,26.749,88.606
0,roadside_same_date,glc-3617,2011-06-17,6,26.74,88.353,5,West Bengal,27.4,8.9,50.6,81.7,165.2,317.9,93.55,3.4,7,7.61,19.66,33,200.23,0.413,0.413,0.379,29,24.6,0,142,0.938,,0,0,-0.057,16,3.436,1,5,open-meteo-era5,26.749,88.308
0,roadside_same_date,glc-3632,2011-06-20,6,26.984,88.836,5,West Bengal,25,40.7,102.2,208.8,259.1,391.6,189.016,4.1,7,3.47,18.74,40.27,140.33,0.395,0.399,0.398,28.4,23.4,0,386,5.239,135,-0.707,0.707,-0.086,132,3.344,1,5,open-meteo-era5,26.96,88.801
0,roadside_same_date,glc-3633,2011-06-20,6,25.995,94.412,5,Nagaland,10.8,4.9,27,89.9,260.3,453.2,149.83,2.7,7,4.13,17.23,39.11,241.9,0.5,0.491,0.48,27.6,21.2,0,954,19.323,138.646,-0.751,0.661,0.461,458,1.634,4,4.3,open-meteo-era5,25.975,94.426
0,roadside_same_date,glc-3637,2011-06-21,6,25.474,94.38,1,Nagaland,13.6,26.2,50.9,110.3,305.6,442.6,167.837,7.8,7,8.32,18.31,51.05,212.23,0.479,0.491,0.494,26.4,18.4,0,1475,28.692,53.434,0.596,0.803,1.12,562,2.195,4,4.3,open-meteo-era5,25.483,94.393
0,roadside_same_date,glc-3643,2011-06-23,6,27.161,88.618,5,,55.4,19.8,88.2,223.2,279.7,424.5,161.356,6.3,7,26.97,53.04,79.87,176.01,0.419,0.424,0.432,22.6,18.9,0,1355,19.108,115.115,-0.424,0.905,-0.125,467,3.742,1,5,open-meteo-era5,27.17,88.597
0,roadside_same_date,glc-3662,2011-06-28,6,25.26,94.078,25,Manipur,12.7,16.6,39.3,77.7,194.5,527.8,135.628,4.1,7,10.59,57.37,84.92,248.85,0.494,0.488,0.512,25.1,19.5,0,1197,26.817,167.886,-0.978,0.21,0.391,387,2.337,5,4.7,open-meteo-era5,25.272,94.086
0,roadside_same_date,glc-3683,2011-07-01,7,25.982,94.295,10,Nagaland,10,26.6,61.7,131.5,236,391.1,162.077,5.4,7,19.89,41.75,91.78,246.03,0.5,0.493,0.504,25.6,20.5,0,1110,28.402,296.508,0.446,-0.895,0.264,410,1.581,1,4.7,open-meteo-era5,25.975,94.23
0,roadside_same_date,glc-3741,2011-07-07,7,25.517,94.131,5,Nagaland,4.9,12.9,27.9,59.5,221.3,629.7,150.346,7.4,7,2.6,11.26,55.45,247.4,0.472,0.493,0.491,22.6,16.6,0,1734,12.114,31.185,0.856,0.518,-0.383,286,1.889,2,4.7,open-meteo-era5,25.483,94.1
0,roadside_same_date,glc-3760,2011-07-11,7,25.68,93.856,25,Nagaland,9.7,0.9,10.8,23.8,148.6,352.2,78.662,3.5,3,0.03,3.61,17.75,234.15,0.449,0.459,0.461,29.6,23.5,0,446,3.685,354.611,0.996,-0.094,0,99,1.753,1,4.7,open-meteo-era5,25.694,93.819
0,roadside_same_date,glc-3776,2011-07-15,7,26.836,93.522,5,Arunachal Pradesh,37.8,35.1,99.3,143.7,254.9,619.2,183.579,4.6,7,22.61,108.87,132.86,416.47,0.495,0.498,0.499,26.1,24.2,0,80,0.198,,0,0,-0.01,8,1.094,0,,open-meteo-era5,26.819,93.488
0,roadside_same_date,glc-3789,2011-07-16,7,27.323,92.632,10,Arunachal Pradesh,11.8,99.4,197.7,392.5,756.6,1228,514.908,12,7,1.53,39.21,61.62,245.67,0.426,0.427,0.426,21.8,19.6,0,1244,36.639,354.224,0.995,-0.101,0.067,433,1.096,0,,open-meteo-era5,27.311,92.712
0,roadside_same_date,glc-3794,2011-07-17,7,27.261,88.313,5,Sikkim,35.4,123.9,215.9,329.7,613.1,1099.4,430.182,10.7,7,2.92,19.23,60.82,303.56,0.428,0.432,0.426,23,20.6,0,907,21.609,321.285,0.78,-0.625,-0.27,424,1,0,,open-meteo-era5,27.241,88.294
0,roadside_same_date,glc-3806,2011-07-19,7,27.272,94.026,10,Arunachal Pradesh,13.6,33.6,56.2,183.2,231.6,416.7,172.684,2.4,7,66.73,162.52,301.9,603.95,0.428,0.432,0.407,27.3,24.1,0,103,0.916,,0,0,-0.067,17,1.213,0,,open-meteo-era5,27.241,94.013
0,roadside_same_date,glc-3805,2011-07-19,7,27.245,88.314,1,Sikkim,51.4,39.5,126.3,384.5,611.3,1140.5,416.65,6.8,7,36.35,54.71,109.87,502.37,0.423,0.425,0.408,22.8,20.9,0,965,33.793,356.954,0.999,-0.053,-0.433,714,1,0,,open-meteo-era5,27.241,88.294
0,roadside_same_date,glc-3813,2011-07-20,7,27.352,88.205,25,West Bengal,32.7,51.4,123.6,388.6,617.1,1165.1,425.363,4.9,7,8.05,45.56,83.42,336.84,0.427,0.431,0.425,22.5,19.9,0,1209,20.958,139.419,-0.759,0.651,0.492,447,1,0,,open-meteo-era5,27.311,88.292
0,roadside_same_date,glc-3830,2011-07-22,7,24.531,94.394,10,Manipur,24.9,14,72.6,220,329.4,553.5,227.611,5.5,7,5.5,39.36,128.4,348.17,0.427,0.427,0.425,27.7,22.6,0,398,11.023,108.658,-0.32,0.947,-0.009,243,2.759,3,4.7,open-meteo-era5,24.499,94.423
0,roadside_same_date,glc-3860,2011-07-29,7,25.535,94.268,10,Nagaland,12.3,12.3,29.9,90.5,285.8,448.7,147.394,5.2,7,4.21,9.26,33.41,300.12,0.468,0.492,0.504,23.3,16.2,0,1864,27.968,265.301,-0.082,-0.997,-0.121,587,1,1,4,open-meteo-era5,25.554,94.3
0,roadside_same_date,glc-3881,2011-08-05,8,27.196,93.784,5,Arunachal Pradesh,27.8,21.2,58.4,82.4,202.5,442.2,117.637,2.7,6,21.34,48.21,57.1,521.8,0.429,0.427,0.387,27.1,24.7,0,181,10.955,96.18,-0.108,0.994,0.163,243,1,1,4.2,open-meteo-era5,27.17,93.808
0,roadside_same_date,glc-3916,2011-08-13,8,25.506,93.713,10,Assam,25.7,22.9,70.6,196.3,358.4,652,229.227,6.3,7,7.02,12.44,84.79,354.13,0.483,0.498,0.486,21.5,18.7,0,1384,20.983,345.22,0.967,-0.255,0.261,459,1.241,2,4.2,open-meteo-era5,25.483,93.709
0,roadside_same_date,glc-3932,2011-08-18,8,26.171,94.232,0.5,Nagaland,10.2,2.7,21.1,89.8,259.7,445.9,139.983,1.3,7,4.67,37.16,91.83,306.79,0.482,0.482,0.496,26.3,21,0,486,13.807,186.528,-0.994,-0.114,-0.151,215,1.286,2,4.2,open-meteo-era5,26.186,94.243
0,roadside_same_date,glc-3943,2011-08-23,8,27.273,88.314,10,,55.6,60.6,125.2,498.2,677.4,1179.7,439.232,8.5,7,15.81,32.19,66.97,305.4,0.43,0.433,0.409,19.7,16.7,0,1544,37.524,161.565,-0.949,0.316,-0.125,645,1,1,4,open-meteo-era5,27.311,88.292
0,roadside_same_date,glc-3944,2011-08-25,8,27.802,88.5,10,,0.1,1.5,14.8,39.3,244,540.3,149.757,0.6,5,2.28,15.66,27.38,164.42,0.426,0.428,0.419,10.4,3,1.47,4337,30.715,236.508,-0.552,-0.834,0.117,752,1,1,4,open-meteo-era5,27.803,88.481
0,roadside_same_date,glc-3965,2011-09-06,9,25.035,93.166,1,Assam,6.4,12.8,20.6,38.1,103,399.2,86.53,3.4,7,22.29,30.58,45.24,305.33,0.398,0.384,0.346,26.7,22.9,0,306,21.11,100.96,-0.19,0.982,0.686,297,1.066,1,4.4,open-meteo-era5,24.991,93.197
0,roadside_same_date,glc-3986,2011-09-25,9,27.15,88.355,1,West Bengal,68.3,34.5,117,157.7,281.6,358,143.74,9.3,7,13.16,31.52,59.16,243.66,0.431,0.429,0.422,21.5,17.6,0,1080,30.214,130.392,-0.648,0.762,0.106,603,6.616,3,6.9,open-meteo-era5,27.1,88.298
0,roadside_same_date,glc-6782,2011-09-28,9,26.87,88.679,0.5,West Bengal,1,19.4,49.2,158.1,387.4,498.2,220.066,2.6,7,0.7,48.25,82.05,296.12,0.33,0.336,0.344,28.1,22.1,0,165,2.224,77.276,0.22,0.975,-0.019,27,6.076,4,6.9,open-meteo-era5,26.889,88.703
0,roadside_same_date,glc-3997,2011-09-30,9,27.17,88.526,10,,0,0.3,0.6,84.8,218.1,295.8,111.268,0.2,4,0.02,0.77,77.6,292.34,0.385,0.387,0.419,30.8,24.9,0,308,21.071,250.297,-0.337,-0.941,-0.202,313,6.546,3,6.9,open-meteo-era5,27.17,88.497
0,roadside_same_date,glc-4241,2012-03-04,3,25.03,93.472,25,Manipur,1,2,10.3,25.1,25.1,26.5,19.672,0.5,5,0.04,8.26,13.66,14.4,0.311,0.202,0.241,22.5,12.4,0,595,16.281,214.934,-0.82,-0.573,-0.009,359,2.526,3,4.8,open-meteo-era5,24.991,93.488
0,roadside_same_date,glc-4377,2012-06-02,6,26.279,91.457,5,Assam,14.8,8.8,40.5,57,102.3,138.7,60.15,3.3,7,15.13,41.76,122.32,183.56,0.492,0.487,0.484,30.8,25,0,52,0.531,,0,0,0.095,11,3.487,2,5.4,open-meteo-era5,26.257,91.482
0,roadside_same_date,glc-4382,2012-06-03,6,25.436,92.987,5,Assam,127.6,3.7,188.7,232.6,253,273.1,99.8,15.4,7,26.59,84.45,114.11,192.91,0.479,0.483,0.496,28.1,23.5,0,270,18.941,98.7,-0.151,0.988,0.326,159,4.203,3,5.4,open-meteo-era5,25.413,93.023
0,roadside_same_date,glc-4385,2012-06-03,6,28.029,88.61,5,,3.2,2.8,6.6,6.8,11.9,46.5,10.365,0.4,2,0.08,2.5,9.94,33.92,0.427,0.418,0.344,3.6,-0.7,6.16,4846,4.916,254.168,-0.273,-0.962,0.029,83,2.361,2,4.3,open-meteo-era5,27.944,88.579
0,roadside_same_date,glc-4384,2012-06-03,6,25.344,92.993,5,Assam,183.9,9,276.3,330.8,375.6,449.1,152.577,16.5,7,26.59,84.45,114.11,192.91,0.49,0.48,0.511,25.5,22.1,0,586,8.845,82.875,0.124,0.992,0.196,142,4.062,3,5.4,open-meteo-era5,25.343,92.922
0,roadside_same_date,glc-4383,2012-06-03,6,25.429,93,5,Assam,127.6,3.7,188.7,232.6,253,273.1,99.8,15.4,7,26.59,84.45,114.11,192.91,0.479,0.483,0.496,28.3,23.7,0,256,18.467,254.055,-0.275,-0.962,0.187,149,4.19,3,5.4,open-meteo-era5,25.413,93.023
0,roadside_same_date,glc-4394,2012-06-07,6,27.248,88.322,25,Sikkim,35.3,19.6,73,163.5,286.6,456,170.224,3,7,0.16,20.24,37.26,131.81,0.418,0.421,0.426,25.3,19.5,0,1000,31.54,6.77,0.993,0.118,-0.25,603,3.5,2,4.3,open-meteo-era5,27.241,88.294
0,roadside_same_date,glc-4393,2012-06-07,6,27.58,88.902,25,,4.3,2.8,10.8,37.8,69.1,130.4,43.534,1.1,7,0.06,8.66,14.26,63.06,0.425,0.427,0.428,11.2,5.9,0.42,3736,38.309,6.616,0.993,0.115,0.107,670,2.419,2,4.3,open-meteo-era5,27.592,88.89
0,roadside_same_date,glc-4411,2012-06-14,6,27.48,88.53,5,Sikkim,20.3,11.7,43.6,87.7,166.6,258.4,91.506,2.4,7,0.38,1.05,3.53,51.06,0.425,0.425,0.427,27.3,22.3,0,965,26.887,232.88,-0.603,-0.797,0.406,480,3.343,3,4.5,open-meteo-era5,27.452,88.49
0,roadside_same_date,glc-4424,2012-06-20,6,26.082,91.429,1,Assam,44.8,16.1,72.4,116.4,162.8,264.8,85.781,6.5,7,33.12,39.55,122.36,468.13,0.498,0.498,0.494,30.9,25.3,0,51,1.059,,0,0,0.028,14,3.082,1,4.3,open-meteo-era5,26.046,91.477
0,roadside_same_date,glc-4426,2012-06-22,6,25.894,91.96,5,Assam,74.5,48.6,170.4,247.2,269.1,398.9,170.659,13.7,7,43.46,79.73,89.48,503.09,0.488,0.486,0.513,27.9,23.6,0,583,2.257,225,-0.707,-0.707,0.019,112,2.252,1,4.3,open-meteo-era5,25.905,91.965
0,roadside_same_date,glc-4435,2012-06-25,6,27.531,95.817,10,Arunachal Pradesh,48.3,54,124,235.4,359,545.8,223.951,7.3,7,47.51,107.66,159.31,463.08,0.491,0.495,0.486,27.5,24.3,0,151,1.409,,0,0,0.01,16,1.835,1,4.5,open-meteo-era5,27.522,95.845
0,roadside_same_date,glc-4434,2012-06-25,6,26.227,91.531,1,Assam,33.5,91.7,158.5,465.3,611.1,787.9,423.468,8.7,7,108.35,164.91,247.97,663.92,0.476,0.497,0.494,28.1,24.6,0,50,1.004,,0,0,-0.019,12,3.164,1,4.3,open-meteo-era5,26.257,91.482
0,roadside_same_date,glc-4446,2012-07-05,7,28.67,95.017,5,Arunachal Pradesh,84.2,25.6,148.1,215.4,603.3,903.8,286.351,7.2,7,13.52,87.46,152.01,525.94,0.427,0.427,0.428,27.4,24.5,0,413,29.751,270,0,-1,0.217,371.598,2.527,2,4.7,open-meteo-era5,28.647,95.029
0,roadside_same_date,glc-6783,2012-07-19,7,27.075,88.253,0.5,West Bengal,46.7,46.3,99.9,333.2,701.7,997.6,369.91,7.3,7,22.99,44.26,150.11,403.7,0.426,0.426,0.425,20.8,18.3,0,1615,21.191,27.051,0.891,0.455,0.345,590,1.712,1,4.7,open-meteo-era5,27.1,88.198
0,roadside_same_date,glc-4552,2012-09-14,9,26.746,88.431,5,Sikkim,69.2,99.9,187.2,214,273.7,525.1,184.259,9.3,6,35.55,73.02,84.5,303.63,0.43,0.432,0.426,26.7,23.6,0,124,0.773,,0,0,-0.076,21,1.039,0,,open-meteo-era5,26.749,88.407
0,roadside_same_date,glc-4556,2012-09-16,9,26.985,88.559,5,Sikkim,85,74.8,237.4,358.1,401.5,740.1,285.852,10.9,7,35.81,92.48,154.16,361.74,0.431,0.43,0.432,17.9,15.2,0,1478,31.448,209.745,-0.868,-0.496,0.115,638,1.08,0,,open-meteo-era5,27.03,88.6
0,roadside_same_date,glc-4569,2012-09-19,9,27.539,88.504,10,,20.1,7.2,67.3,296.1,403.5,928,316.617,2.1,7,5.16,19.03,89.34,220.17,0.422,0.423,0.42,23,20.2,0,1138,46.92,190.199,-0.984,-0.177,0.087,841,3.952,1,4.6,open-meteo-era5,27.522,88.488
0,roadside_same_date,glc-4571,2012-09-19,9,27.435,88.815,10,,14,3.9,55.1,201.2,329.5,663.4,237.682,1.7,7,5.16,19.03,89.34,220.17,0.412,0.415,0.42,8.6,4.3,0,4288,18.999,312.397,0.674,-0.738,-0.435,598,4.048,1,4.6,open-meteo-era5,27.452,88.792
0,roadside_same_date,glc-4570,2012-09-19,9,27.532,95.391,1,Arunachal Pradesh,19.1,10.8,49.3,170.3,253.6,383.4,160.931,2.1,7,49.07,87.87,184.84,529.06,0.478,0.494,0.476,28.5,23.9,0,119,1.992,,0,0,-0.145,14,1.21,0,,open-meteo-era5,27.522,95.342
0,roadside_same_date,glc-4610,2012-11-11,11,24.061,92.629,5,Mizoram,0,0,0,26.9,42.5,62.5,27.153,0,4,0,0.09,28.72,36.8,0.367,0.373,0.345,25.9,16.1,0,178,2.121,20.772,0.935,0.355,0.164,108,4.286,4,4.6,open-meteo-era5,24.077,92.58
0,roadside_same_date,glc-4757,2013-02-18,2,28.447,95.218,5,Arunachal Pradesh,25.4,21.5,48.1,50,51.4,62.9,25.209,3.7,4,1.02,3.6,3.6,3.68,0.37,0.289,0.308,17.4,10.1,0,750,23.81,60.914,0.486,0.874,0.61,423,1.352,0,,open-meteo-era5,28.506,95.119
0,roadside_same_date,glc-4848,2013-05-08,5,23.842,91.479,5,Tripura,40.9,65.6,158.6,310.6,353.1,425.1,249.794,13.4,7,45.59,126.29,207.05,294.94,0.442,0.443,0.413,26.4,22.2,0,48,1.545,,0,0,0.018,24,1.368,3,4.6,open-meteo-era5,23.866,91.524
0,roadside_same_date,glc-4859,2013-05-11,5,26.326,91.791,5,Assam,21.7,19.4,51.6,75.6,196.9,297.6,99.221,5,7,42.62,108.97,224.29,404.13,0.486,0.494,0.454,28,23,0,53,1.491,,0,0,-0.009,13,3.479,3,4.4,open-meteo-era5,26.327,91.78
0,roadside_same_date,glc-4857,2013-05-11,5,23.48,92.589,25,Mizoram,1.3,4.4,19.7,133,153.3,212,113.131,1.3,7,21.06,76.18,247.9,434.86,0.401,0.391,0.278,26.5,20,0,917,5.914,86.711,0.057,0.998,0.199,286,2.065,4,4.6,open-meteo-era5,23.515,92.558
0,roadside_same_date,glc-4860,2013-05-11,5,26.094,91.849,5,Assam,29,7.4,39.2,73.1,108.2,138.3,47.905,10.1,7,38.98,109.25,235.03,409.56,0.495,0.483,0.35,27.1,21.5,0,230,6.533,237.995,-0.53,-0.848,0.245,92,3.785,3,4.4,open-meteo-era5,26.046,91.871
0,roadside_same_date,glc-4861,2013-05-12,5,25.225,93.366,25,Assam,3.2,66.8,137.4,391.6,458.7,551.7,339.559,11.2,7,14.25,66.1,147.77,378.46,0.475,0.474,0.515,25.5,18.9,0,817,20.579,57.585,0.536,0.844,-0.409,354,1.769,5,4.6,open-meteo-era5,25.132,93.398
0,roadside_same_date,glc-4906,2013-06-07,6,26.181,95.069,10,Nagaland,16.8,8.3,33.3,56.6,119.7,297.4,80.604,2.4,7,9.11,20.54,30.52,191.56,0.45,0.465,0.476,23,18.6,0,1588,31.559,184.538,-0.997,-0.079,-0.283,480,1,0,,open-meteo-era5,26.186,95.033
0,roadside_same_date,glc-4905,2013-06-07,6,25.938,94.694,25,Nagaland,15.3,6.1,24.4,30.8,66.3,189.4,40.554,3.5,6,9.11,20.54,30.52,191.56,0.486,0.471,0.441,22.5,17.3,0,1574,24.583,139.514,-0.761,0.649,0.48,478,1,0,,open-meteo-era5,25.975,94.721
0,roadside_same_date,glc-4908,2013-06-08,6,27.196,88.492,25,Sikkim,9.2,6.8,32.5,49.2,244.1,300,127.321,1.7,7,11.49,21.4,59.22,271.98,0.419,0.42,0.43,29.2,24.7,0,347,15.267,220.629,-0.759,-0.651,-0.337,247,1.313,0,,open-meteo-era5,27.17,88.497
0,roadside_same_date,glc-4990,2013-06-27,6,27.224,88.704,1,Sikkim,61.3,71.7,164.1,239.3,351.5,654.9,225.926,9.4,7,24.72,66.83,125.34,326.46,0.425,0.425,0.433,26,20.3,0,1269,24.254,338.112,0.928,-0.373,0.038,851,1,0,,open-meteo-era5,27.17,88.597
0,roadside_same_date,glc-5006,2013-07-01,7,25.982,94.336,1,Nagaland,23.7,31.1,86.9,141.2,224.8,322.7,145.689,7.7,7,9.11,27.57,97.88,195.91,0.47,0.473,0.512,26.6,22.4,0,907,5.525,97.927,-0.138,0.99,0.273,331,1,0,,open-meteo-era5,25.975,94.328
0,roadside_same_date,glc-5005,2013-07-01,7,26.389,94.952,5,Nagaland,25.7,42.4,84.2,157.2,255.9,424.7,164.824,4.2,7,14.44,33.33,111.85,271.64,0.461,0.469,0.478,26.6,22.8,0,812,30.556,224.666,-0.711,-0.703,0.645,586,1,0,,open-meteo-era5,26.467,94.857
0,roadside_same_date,glc-5084,2013-07-12,7,25.946,94.015,10,Nagaland,13.3,0.9,14.3,41.2,140.3,257.7,72.112,1.4,5,16.02,66.27,90.1,295.53,0.49,0.49,0.493,27.9,23.1,0,394,21.434,276.028,0.105,-0.994,0.075,332,2.535,2,4.3,open-meteo-era5,25.975,94.033
0,roadside_same_date,glc-5087,2013-07-12,7,25.6,94.445,10,Nagaland,74.7,19.3,97.3,135.6,231.9,346.6,100.034,11.3,7,18.68,107.07,129.82,306.22,0.465,0.488,0.51,24.4,20.6,0,889,22.57,142.563,-0.794,0.608,-0.758,386,1.868,2,4.3,open-meteo-era5,25.624,94.5
0,roadside_same_date,glc-5107,2013-07-15,7,25.752,94.256,10,Nagaland,11.8,16.5,37.8,119.9,273.9,477.3,174.836,3.7,7,10.56,28.46,109.35,337.57,0.503,0.499,0.502,28.9,24.1,0,695,19.689,297.172,0.457,-0.89,0.122,320,2.154,2,4.3,open-meteo-era5,25.764,94.216
0,roadside_same_date,glc-5250,2013-08-01,8,27.613,93.292,10,Arunachal Pradesh,13.6,15.2,43.6,109,291.1,656.4,183.063,2.7,7,18.38,52.58,73.45,394.43,0.421,0.421,0.412,16.8,10.6,0,3126,22.856,317.603,0.738,-0.674,1.221,605,1.15,3,4.2,open-meteo-era5,27.592,93.33
0,roadside_same_date,glc-5271,2013-08-04,8,26.496,94.359,5,Nagaland,5.3,1.6,16.6,70,240.8,362.5,127.601,2,7,5.53,15.66,54.81,307.87,0.469,0.471,0.49,32,25.4,0,236,1.016,,0,0,0.009,110,1.833,3,5,open-meteo-era5,26.538,94.366
0,roadside_same_date,glc-5268,2013-08-04,8,25.786,94.725,25,Nagaland,11.8,1.3,31.2,59.2,152.5,431.9,104.099,5,6,20.58,23.57,59.87,325.91,0.448,0.465,0.503,28.9,21.6,0,923,21.398,52.28,0.612,0.791,0.094,443,2.24,3,5,open-meteo-era5,25.764,94.706
0,roadside_same_date,glc-5273,2013-08-04,8,26.038,94.23,5,Nagaland,7.4,2.8,23.7,69.1,258,417.1,135.967,1.8,7,5.78,14.93,47.43,290.88,0.459,0.476,0.471,27.9,22.3,0,828,11.022,239.281,-0.511,-0.86,0.057,268,2.213,3,5,open-meteo-era5,26.046,94.234
0,roadside_same_date,glc-5272,2013-08-04,8,26.055,94.299,1,Nagaland,7.4,2.8,23.7,69.1,258,417.1,135.967,1.8,7,5.78,14.93,47.43,290.88,0.452,0.475,0.483,27.4,21.4,0,922,10.472,203.199,-0.919,-0.394,-0.141,311,2.119,3,5,open-meteo-era5,26.046,94.333
0,roadside_same_date,glc-5274,2013-08-04,8,25.996,94.349,25,Nagaland,7.4,2.8,23.7,69.1,258,417.1,135.967,1.8,7,5.78,14.93,47.43,290.88,0.461,0.477,0.478,28.8,23,0,752,6.891,10.408,0.984,0.181,0.132,335,2.089,3,5,open-meteo-era5,25.975,94.328
0,roadside_same_date,glc-5275,2013-08-04,8,26.092,94.247,10,Nagaland,7.4,2.8,23.7,69.1,258,417.1,135.967,1.8,7,5.78,14.93,47.43,290.88,0.462,0.48,0.496,25.3,18.9,0,1196,14.859,248.247,-0.371,-0.929,0.009,341,2.178,3,5,open-meteo-era5,26.046,94.234
0,roadside_same_date,glc-5312,2013-08-11,8,26.589,95,10,Assam,14.5,12.8,34.2,111.1,217.4,461.1,147.021,3.1,7,6.1,12.29,114,349.21,0.464,0.472,0.468,25.9,22.2,0,811,18.286,358.943,1,-0.018,-0.266,407,1.766,1,5,open-meteo-era5,26.608,94.967
0,roadside_same_date,glc-5427,2013-08-15,8,25.516,93.88,5,Nagaland,16.4,19,51.2,148,302.7,521.9,195.827,5.6,7,4.19,72.34,87.45,268.96,0.429,0.431,0.431,22.4,16.5,0,1693,11.389,237.74,-0.534,-0.846,-0.121,263,2.302,2,5,open-meteo-era5,25.554,93.909
0,roadside_same_date,glc-5338,2013-08-16,8,26.812,95.165,25,Assam,18.2,16.1,40.8,81.4,198.9,434.2,123.017,3.5,7,36.7,45.85,83.15,404.03,0.423,0.425,0.423,28.5,23.7,0,511,8.395,263.346,-0.116,-0.993,-0.649,298,2.259,1,4.3,open-meteo-era5,26.819,95.183
0,roadside_same_date,glc-5337,2013-08-16,8,26.213,95,5,Nagaland,18.1,12.7,38,113.2,234.7,442.6,143.381,4.1,7,32.49,52.19,109.94,358.38,0.425,0.424,0.421,23,18.1,0,1595,23.895,81.959,0.14,0.99,0,406,2.057,2,5,open-meteo-era5,26.186,95.033
0,roadside_same_date,glc-5336,2013-08-16,8,26.303,94.784,10,Nagaland,10.3,33.1,60.7,163.9,308.7,524,204.056,7.9,7,39.28,53.14,98.45,387.63,0.481,0.494,0.489,19.7,15.4,0,1931,25.634,97.719,-0.134,0.991,-0.076,335,2.045,2,5,open-meteo-era5,26.257,94.841
0,roadside_same_date,glc-5343,2013-08-17,8,24.873,93.579,10,Assam,12.5,7.9,35.6,78.9,188.8,416.9,119.449,2.3,7,7.44,25.03,126.21,308.9,0.418,0.42,0.421,26.3,21.9,0,663,25.327,174.463,-0.995,0.096,-0.176,453,2.556,2,5,open-meteo-era5,24.851,93.577
0,roadside_same_date,glc-5421,2013-08-30,8,26.753,94.972,5,Nagaland,4.7,0.9,25.3,70.4,147.1,406.8,113.065,1.6,6,9.15,62,81.91,365.93,0.477,0.484,0.481,25.5,21.4,0,845,31.094,130.073,-0.644,0.765,-0.172,423,2.203,4,4.3,open-meteo-era5,26.749,94.978
0,roadside_same_date,glc-5431,2013-09-01,9,24.785,93.199,5,Assam,6.3,2.1,13.7,131.9,223,383.9,132.306,1.3,7,5.89,10.77,60.03,318.39,0.404,0.406,0.419,28.6,23.8,0,187,9.457,42.663,0.735,0.678,0.803,326,1.487,3,4.2,open-meteo-era5,24.78,93.187
0,roadside_same_date,glc-5430,2013-09-01,9,24.75,93.4,25,Manipur,5.8,2.3,12.2,117.7,205.6,394.4,125.063,1,7,5.32,11.11,56.37,325.3,0.413,0.416,0.421,27.4,22.4,0,599,17.733,356.987,0.999,-0.053,-0.397,337,1.53,3,4.2,open-meteo-era5,24.78,93.38
0,roadside_same_date,glc-5441,2013-09-02,9,28.492,95.159,5,Arunachal Pradesh,62.4,35.7,113.8,195.1,256.5,473.4,155.769,4.8,7,24.66,57.5,122.63,401.7,0.428,0.428,0.429,21.8,18.6,0,1394,25.069,73.199,0.289,0.957,-0.473,620,3.048,1,4.5,open-meteo-era5,28.506,95.222
0,roadside_same_date,glc-5476,2013-09-07,9,27.247,88.427,25,Sikkim,3.7,26.9,65.3,232,445.3,816.5,292.276,2.6,7,14.04,63.31,132.28,389.52,0.423,0.426,0.418,21.9,17.2,0,1306,10.684,63.768,0.442,0.897,0.115,532,1.815,2,4.9,open-meteo-era5,27.241,88.395
0,roadside_same_date,glc-5533,2013-09-16,9,27.186,88.683,5,West Bengal,2.1,3.1,10.8,43.3,193.8,546.9,119.698,0.6,7,2.88,5.66,21.29,279.54,0.394,0.396,0.375,22.3,16.4,0,1591,25.647,45,0.707,0.707,-0.327,388,1.68,1,4.9,open-meteo-era5,27.17,88.697
0,roadside_same_date,glc-5552,2013-09-24,9,24.98,94.155,5,Manipur,5.7,1.5,7.3,15.6,60.6,173.2,35.99,1.5,6,0.3,0.56,1.4,257.66,0.426,0.432,0.438,26.9,19.4,0,1153,6.316,268.755,-0.022,-1,-0.157,239,2.92,4,5.7,open-meteo-era5,24.991,94.166
0,roadside_same_date,glc-5575,2013-10-05,10,25.68,94.134,5,Nagaland,26.4,11.2,42.4,61.6,152.5,286.4,78.052,4.1,6,13.85,29.76,32.52,197.25,0.482,0.492,0.498,22.9,17.4,0,1328,13.693,237.572,-0.536,-0.844,0.515,210,2.615,4,4.6,open-meteo-era5,25.694,94.113
0,roadside_same_date,glc-5582,2013-10-06,10,26.225,91.62,5,Assam,20,11,37.5,51.4,116.4,238.9,72.931,2.3,5,62.76,151.09,174.79,276.04,0.483,0.491,0.501,25.1,23.1,0,49,0.769,,0,0,0,10,2.396,1,4.5,open-meteo-era5,26.257,91.581
0,roadside_same_date,glc-5584,2013-10-06,10,26.208,91.591,5,Assam,20,11,37.5,51.4,116.4,238.9,72.931,2.3,5,62.76,151.09,174.79,276.04,0.483,0.491,0.501,25.1,23.1,0,49,1.014,,0,0,0.047,11,2.357,1,4.5,open-meteo-era5,26.186,91.579
0,roadside_same_date,glc-5603,2013-10-13,10,25.533,94.638,5,Manipur,0.1,0.3,0.4,42.7,151.4,239,89.929,0.2,2,0.02,0.04,17.24,140.18,0.384,0.396,0.422,25.4,17.1,0,1164,22.22,303.173,0.547,-0.837,0.262,290,2.789,3,4.6,open-meteo-era5,25.554,94.593
0,roadside_same_date,glc-6015,2014-05-08,5,28.071,96.447,1,Arunachal Pradesh,48.6,23.6,85.1,95.4,105.8,121.8,47.743,4.7,7,33.77,55.08,62.54,98.57,0.41,0.385,0.355,14.6,12.9,0,1470,44.246,227.262,-0.679,-0.734,0.508,959,1.663,0,,open-meteo-era5,28.084,96.508
0,roadside_same_date,glc-6016,2014-05-09,5,25.042,92.415,1,Assam,69.8,69,162,198.8,219.1,221.5,123.531,6.1,7,43.71,124.37,171.03,220.83,0.485,0.494,0.327,24.5,21.4,0,120,23.44,202.865,-0.921,-0.389,0.297,277,1.718,1,4.3,open-meteo-era5,25.062,92.425
0,roadside_same_date,glc-6106,2014-06-26,6,25.933,91.949,5,Assam,29.1,8.6,41,244.6,340,425.7,210.369,6.6,7,14.23,20.69,180.1,367.99,0.482,0.482,0.505,27.5,22.5,0,631,2.554,222.797,-0.734,-0.679,0.433,73,2.18,3,4.3,open-meteo-era5,25.905,91.965
0,roadside_same_date,glc-6107,2014-06-26,6,26.065,92.164,5,Assam,22.1,13.6,41.7,225.7,313.1,450.9,205.511,4.3,7,14.23,20.69,180.1,367.99,0.486,0.48,0.503,30.3,25.4,0,182,15.664,343.918,0.961,-0.277,-0.132,141,2.493,3,4.3,open-meteo-era5,26.046,92.166
0,roadside_same_date,glc-6110,2014-06-27,6,26.158,91.905,0.5,Assam,13.3,30.3,48,184.6,308.6,433.5,200.099,5.8,7,6.85,21.91,150.58,349.14,0.477,0.492,0.502,29.4,25.3,0,89,7.313,162.937,-0.956,0.293,-0.151,228,2.439,3,4.3,open-meteo-era5,26.186,91.875
0,roadside_same_date,glc-6112,2014-06-28,6,26.346,91.825,0.5,Assam,4.5,7.1,39.4,114.6,287.3,435.6,179.87,1.4,7,10.53,32.16,111.73,336.33,0.47,0.477,0.514,29.3,26.1,0,56,1.124,,0,0,-0.009,12,2.593,3,4.3,open-meteo-era5,26.327,91.78
0,roadside_same_date,glc-6143,2014-07-14,7,24.051,92.677,5,Mizoram,24.1,41.9,72.3,104.5,143.6,327.9,104.215,7.4,5,10.53,28.69,46.67,426.43,0.422,0.418,0.381,26.4,21.1,0,762,26.5,106.699,-0.287,0.958,-0.009,468,1.419,4,4.3,open-meteo-era5,24.077,92.675
0,roadside_same_date,glc-6146,2014-07-15,7,26.853,88.302,1,West Bengal,29.2,14.8,54.1,98.3,232.3,432.9,133.258,2.9,7,6.99,21.2,40.26,310.52,0.42,0.419,0.416,25.4,22.4,0,638,13.778,211.551,-0.852,-0.523,-0.258,384,1,0,,open-meteo-era5,26.819,88.306
0,roadside_same_date,glc-6513,2014-08-14,8,23.248,91.747,5,Tripura,11.9,14.2,33.6,72.3,145.9,275.9,90.661,2.4,6,85.53,181.53,205.82,431.86,0.481,0.484,0.505,26.6,24,0,167,13.99,34.523,0.824,0.567,0.333,124,1.326,2,4.5,open-meteo-era5,23.234,91.792
0,roadside_same_date,glc-6200,2014-08-17,8,27.4,93.539,10,Arunachal Pradesh,22.5,47,104.6,406,600.6,913.7,412.887,3.7,7,3.84,44.34,169.17,512.5,0.428,0.429,0.428,23.3,18.7,0,1421,14.278,22.109,0.926,0.376,-0.28,477,1.635,0,,open-meteo-era5,27.381,93.62
0,roadside_same_date,glc-6331,2014-09-08,9,25.695,94.706,25,Nagaland,3.5,9.9,14,23.6,54.2,235.3,47.831,3.6,5,3.09,11.22,13.18,217.83,0.478,0.459,0.441,28.7,22.2,0,662,23.225,273.556,0.062,-0.998,0.084,419,2.85,4,5,open-meteo-era5,25.694,94.701
0,roadside_same_date,glc-6291,2014-09-21,9,25.581,90.289,25,Meghalaya,11.5,11.1,48,74.9,111.3,236.5,79.892,2.1,6,74.24,158.8,188.24,438.3,0.482,0.494,0.493,25.3,22.9,0,487,3.528,268.877,-0.02,-1,-0.131,119,3.787,1,4.1,open-meteo-era5,25.624,90.293
0,roadside_same_date,glc-6288,2014-09-22,9,26.279,91.651,5,Assam,55.8,27.7,142.1,178.3,248.3,503,166.051,7.2,6,139.52,211.1,252.22,363.12,0.471,0.487,0.513,26.9,23.8,0,54,0.493,,0,0,0.057,16,1.71,2,4.1,open-meteo-era5,26.257,91.679
0,roadside_same_date,glc-6283,2014-09-22,9,25.987,92.018,1,Assam,33.9,36.9,157.8,200.2,329.5,577.9,227.155,7.7,6,126.76,191.59,231.7,354.68,0.489,0.494,0.485,25.1,20.8,0,679,4.756,149.323,-0.86,0.51,0.64,166,1.85,2,4.1,open-meteo-era5,25.975,92.066
0,roadside_same_date,glc-6286,2014-09-22,9,26.406,91.635,5,Assam,78.1,39.6,148.6,177.5,204.5,380.4,125.343,13,5,139.52,211.1,252.22,363.12,0.48,0.496,0.505,26.7,23.7,0,53,0.441,,0,0,0.019,11,1.667,2,4.1,open-meteo-era5,26.397,91.683
0,roadside_same_date,glc-6284,2014-09-22,9,25.962,92.036,5,Assam,33.9,36.9,157.8,200.2,329.5,577.9,227.155,7.7,6,126.76,191.59,231.7,354.68,0.489,0.494,0.485,25.8,21.5,0,585,17.377,324.462,0.814,-0.581,-0.019,143,1.861,2,4.1,open-meteo-era5,25.975,92.066
0,roadside_same_date,glc-6287,2014-09-22,9,26.282,91.542,5,Assam,66.3,18.8,125.7,142.4,195.3,441.6,121.393,7.5,6,163.71,240.34,273.62,393.83,0.478,0.488,0.49,26.8,23.9,0,49,0.623,,0,0,0.076,7.227,1.697,2,4.1,open-meteo-era5,26.257,91.581
0,roadside_same_date,glc-6285,2014-09-22,9,25.91,91.878,5,Assam,33.9,36.9,157.8,200.2,329.5,577.9,227.155,7.7,6,126.76,191.59,231.7,354.68,0.467,0.488,0.481,26.1,22.1,0,550,0.278,,0,0,-0.028,158,1.864,2,4.1,open-meteo-era5,25.905,91.867
0,roadside_same_date,glc-6282,2014-09-22,9,25.983,92.011,5,Assam,33.9,36.9,157.8,200.2,329.5,577.9,227.155,7.7,6,126.76,191.59,231.7,354.68,0.489,0.494,0.485,25.4,21.1,0,587,20.026,150.279,-0.868,0.496,0.066,213,1.851,2,4.1,open-meteo-era5,25.975,92.066
0,roadside_same_date,glc-6289,2014-09-22,9,26.306,91.944,5,Assam,49.3,41.4,159.8,210.2,302.3,545.7,208.087,7.5,6,139.52,211.1,252.22,363.12,0.461,0.479,0.504,27.1,23.7,0,53,0.493,,0,0,-0.038,10,1.73,2,4.1,open-meteo-era5,26.327,91.978
0,roadside_same_date,glc-6292,2014-09-23,9,25.465,90,5,Assam,7.4,37.7,54.6,95.3,120,214.9,96.632,3.3,6,13.14,178.28,279.82,480.66,0.426,0.43,0.385,27.2,23.9,0,114,3.76,159.567,-0.937,0.349,0.261,67,4.218,1,4.1,open-meteo-era5,25.483,90
0,roadside_same_date,glc-6290,2014-09-23,9,25.443,91.607,5,Meghalaya,72.5,116.9,232.7,337.7,391.2,571.5,276.349,9.4,7,73.98,252.28,349.11,530.74,0.489,0.505,0.492,19.9,17.9,0,1607,13.117,270.297,0.005,-1,-0.019,166,2.003,2,4.1,open-meteo-era5,25.413,91.56
0,roadside_same_date,glc-6222,2014-10-01,10,27.372,93.872,5,Arunachal Pradesh,0,0,1.2,48,251.7,335.6,124.228,0,5,0.06,0.09,83.7,419.75,0.39,0.405,0.411,29.2,20.1,0,392,7.929,319.289,0.758,-0.652,0.125,276,1.963,1,4.1,open-meteo-era5,27.311,93.917
0,roadside_same_date,glc-6214,2014-10-05,10,25.967,92.245,5,Meghalaya,0,0,2.3,10.1,240.9,561.1,128.593,0,2,0,0,0.04,354.62,0.473,0.47,0.438,28,18.3,0,812,3.826,202.38,-0.925,-0.381,0.104,181,1.878,3,4.3,open-meteo-era5,25.905,92.26
0,roadside_same_date,glc-6775,2015-02-14,2,25.9,91.878,5,Assam,0,0.3,0.3,0.3,0.3,0.8,0.343,0.3,0,0.26,0.26,0.26,2.05,0.29,0.302,0.345,19.6,9.7,0,548,3.348,230.042,-0.642,-0.767,-0.056,175,1.542,2,4.8,open-meteo-era5,25.905,91.867
0,roadside_same_date,glc-6786,2015-02-19,2,24.463,92.813,5,Assam,0.4,0,0.4,3.3,3.3,3.3,2.138,0.2,1,3.03,7.2,7.28,7.33,0.167,0.181,0.23,25.7,15,0,50,3.503,300.579,0.509,-0.861,-0.119,71,2.686,5,4.8,open-meteo-era5,24.499,92.788
0,roadside_same_date,glc-7591,2015-03-19,3,24.894,92.301,5,Assam,0,0,0,0,0,14.3,2.023,0,0,0.01,0.01,0.01,31.16,0.241,0.279,0.295,32,19.8,0,19,0.218,,0,0,0.037,10,1,1,4.3,open-meteo-era5,24.921,92.323
0,roadside_same_date,glc-7031,2015-05-24,5,27.515,88.579,1,Sikkim,3.8,7.6,34.8,108,217.8,359.3,145.781,2.9,7,0.21,9.49,26.27,83.83,0.423,0.424,0.423,23.3,17.2,0,1432,20.798,353.496,0.994,-0.113,-0.213,441,5.645,168,7.3,open-meteo-era5,27.452,88.49
0,roadside_same_date,glc-6971,2015-06-09,6,26.951,93.886,5,Arunachal Pradesh,44.3,28.3,94.4,121.7,225.3,398.4,136.206,4.3,7,44.35,137.97,228.36,593.82,0.447,0.458,0.467,27.5,23.3,0,84,0.313,,0,0,0.038,12,3.831,1,4.3,open-meteo-era5,26.96,93.896
0,roadside_same_date,glc-6968,2015-06-13,6,25.498,91.86,5,Meghalaya,48.8,206.7,352.1,549.1,682.7,891.5,516.146,17,7,35.98,146.91,295.7,639.32,0.496,0.509,0.495,19.4,16.6,0,1833,5.93,98.696,-0.151,0.989,-0.009,45,1.478,1,4.3,open-meteo-era5,25.483,91.855
0,roadside_same_date,glc-6967,2015-06-13,6,27.228,88.495,1,West Bengal,6.3,28,40.9,78.1,130.5,210.6,86.334,2.9,7,9.2,47.45,75.84,217.79,0.42,0.426,0.429,26.5,23,0,466,29.689,305.194,0.576,-0.817,0.741,519,2.906,14,5.5,open-meteo-era5,27.241,88.495
0,roadside_same_date,glc-6969,2015-06-16,6,25.626,90.465,1,Meghalaya,24.3,26.2,62.5,379.5,463.5,913.3,341.063,7.5,7,21.68,50.21,257.7,495.27,0.493,0.501,0.502,27.1,22.7,0,488,3.253,299.291,0.489,-0.872,-0.066,67,1,0,,open-meteo-era5,25.624,90.489
0,roadside_same_date,glc-6970,2015-06-16,6,25.437,89.929,1,Meghalaya,16.5,25.8,52.2,231.4,291.7,563.7,217.685,8.7,7,27.16,62.64,230.34,409.65,0.418,0.423,0.428,29,24.1,0,53,4.5,57.529,0.537,0.844,-0.336,56,1,0,,open-meteo-era5,25.413,89.902
0,roadside_same_date,glc-6945,2015-06-19,6,25.318,93.636,1,Manipur,1.8,5.5,12.5,37.6,125.4,222.5,80.309,3,7,2.93,11.04,38.58,247.63,0.438,0.447,0.446,24.8,18.9,0,1276,22.415,269.665,-0.006,-1,0.009,466,1.944,3,4.3,open-meteo-era5,25.343,93.604
0,roadside_same_date,glc-6990,2015-06-24,6,25.756,94.725,5,Nagaland,13.3,31.2,50.9,65,130.9,181.9,76.813,2.9,6,8.82,36.95,80.62,388.41,0.489,0.496,0.439,27.3,22.9,0,599,24.235,141.99,-0.788,0.616,-0.094,367,1.669,2,4.3,open-meteo-era5,25.764,94.706
0,roadside_same_date,glc-7021,2015-06-27,6,27.18,88.476,1,West Bengal,33,16,76.7,144.2,255.1,506.1,163.592,3.8,7,23.2,47.98,82.45,278.46,0.417,0.418,0.427,23.9,19.8,0,1105,22.199,106.04,-0.276,0.961,0.375,486,1.851,9,4.8,open-meteo-era5,27.17,88.497
0,roadside_same_date,glc-7033,2015-06-29,6,27.309,88.369,1,West Bengal,19.8,49.6,91.6,160.3,325.2,799.5,240.619,3.6,7,10.01,33.86,69.11,201.12,0.429,0.429,0.429,19.9,15,0,1968,21.215,110.153,-0.345,0.939,0.029,516,2.471,14,5.1,open-meteo-era5,27.381,88.391
0,roadside_same_date,glc-7035,2015-06-30,6,25.515,88.327,1,West Bengal,5,4.6,35.1,81.8,109,236.9,94.272,3.9,7,3.86,8.25,90.3,213.39,0.412,0.42,0.427,32.2,25,0,32,0.692,,0,0,-0.065,8,2.294,2,5.1,open-meteo-era5,25.483,88.341
0,roadside_same_date,glc-7034,2015-06-30,6,27.408,88.553,1,West Bengal,39.2,32.9,141.2,242,347.6,583.3,239.968,5.3,7,8.08,32.06,73.75,179.1,0.425,0.429,0.419,21.8,17.4,0,1635,24.013,117.766,-0.466,0.885,-0.319,551,2.562,14,5.1,open-meteo-era5,27.381,88.592
0,roadside_same_date,glc-7363,2015-06-30,6,27.141,88.147,25,West Bengal,26.6,19.8,96,164.4,336.2,769.3,234.556,4.6,7,18.26,42.81,94.73,284.12,0.421,0.423,0.428,22.5,17.9,0,1524,23.832,93.18,-0.055,0.998,-0.163,553,2.366,17,5.1,open-meteo-era5,27.1,88.198
0,roadside_same_date,glc-7040,2015-07-01,7,27.247,88.319,1,West Bengal,39.1,26.6,85.5,186.8,344.6,771.4,235.292,4.6,7,29.1,61.03,116.62,300.16,0.427,0.426,0.428,24.7,19.9,0,1008,31.054,316.981,0.731,-0.682,0.318,684,2.454,17,5.1,open-meteo-era5,27.241,88.294
0,roadside_same_date,glc-7037,2015-07-01,7,26.989,88.571,5,West Bengal,19.9,27.5,55.8,104.8,201.9,344,128.692,4.1,7,18.11,51.09,114.57,306.34,0.43,0.423,0.435,21.4,17.7,0,1583,26.261,167.687,-0.977,0.213,0.268,512,2.687,11,5.1,open-meteo-era5,27.03,88.6
0,roadside_same_date,glc-7038,2015-07-01,7,26.726,88.411,10,West Bengal,11.5,26.1,46.4,94.9,266.4,452.2,160.833,6.3,7,24.93,53.59,107.26,300.66,0.429,0.428,0.429,29.5,24.7,0,121,0.357,,0,0,-0.038,13,2.592,11,5.1,open-meteo-era5,26.749,88.407
0,roadside_same_date,glc-7039,2015-07-01,7,27.12,88.288,1,West Bengal,26.5,15.6,49.4,112.7,253.1,518.8,162.594,4,7,29.1,61.03,116.62,300.16,0.427,0.426,0.425,29.1,25.1,0,333,22.973,30.566,0.861,0.509,-0.461,275,2.46,17,5.1,open-meteo-era5,27.17,88.296
0,roadside_same_date,glc-7036,2015-07-01,7,26.66,88.322,5,West Bengal,21.4,20.1,52.6,120.6,295.3,470,174.302,3.4,7,24.93,53.59,107.26,300.66,0.428,0.425,0.43,29.2,24.7,0,118,0.356,,0,0,0.01,22,2.528,10,5.1,open-meteo-era5,26.678,88.309
0,roadside_same_date,glc-7076,2015-07-04,7,27.249,88.312,1,West Bengal,20.2,89.6,122.9,205.4,287.9,452,210.916,10.2,7,19.79,42.86,114.77,329.72,0.424,0.429,0.433,25.9,22,0,789,33.842,23.611,0.916,0.401,-0.683,586,2.449,17,5.1,open-meteo-era5,27.241,88.294
0,roadside_same_date,glc-7138,2015-07-07,7,26.992,88.564,5,Sikkim,2.6,16.8,60.4,203.2,315,494.8,223.088,2,7,9.06,26.94,83.13,342.54,0.422,0.428,0.425,22.4,16,0,1715,10.019,53.448,0.596,0.803,0.192,408,2.681,10,5.1,open-meteo-era5,27.03,88.6
0,roadside_same_date,glc-7139,2015-07-07,7,26.725,88.413,5,West Bengal,4.9,6.9,46.1,152.6,291.2,542.5,197.999,1.8,7,8.94,41,98.97,342.99,0.419,0.413,0.432,31.9,25.4,0,121,1.092,,0,0,0.048,12,2.594,10,5.1,open-meteo-era5,26.749,88.407
0,roadside_same_date,glc-7214,2015-07-15,7,27.443,92.702,5,Arunachal Pradesh,110.8,118,300.6,390.5,754.8,1564.4,458.535,11.1,7,26.13,47.61,55.41,232.75,0.429,0.429,0.429,16.9,13.6,0,2239,27.497,98.551,-0.149,0.989,-0.039,430,2.286,5,5.1,open-meteo-era5,27.452,92.718
0,roadside_same_date,glc-7263,2015-07-22,7,25.579,94.22,1,Manipur,24.4,24.2,80.1,199.9,300.5,477.3,190.215,4.6,7,16.94,48.02,130.7,347.16,0.502,0.5,0.503,21,17.8,0,1557,22.627,157.674,-0.925,0.38,-0.215,254,1.594,5,4.5,open-meteo-era5,25.624,94.207
0,roadside_same_date,glc-7264,2015-07-22,7,25.745,94.005,5,Manipur,27.2,50.5,123.6,195,321.4,534.1,211.623,13.7,7,10.3,41.39,117.9,325.49,0.464,0.483,0.503,23.5,20.1,0,970,17.003,274.086,0.071,-0.997,-0.159,190,1.649,5,4.5,open-meteo-era5,25.764,94.02
0,roadside_same_date,glc-7253,2015-07-22,7,24.574,92.957,5,Assam,36.6,60.9,148.7,436.4,579,925.1,388.569,6.7,7,19.73,51.03,171.73,461.69,0.426,0.431,0.428,27.6,24.5,0,38,1.137,,0,0,0.028,18,2.108,4,4.4,open-meteo-era5,24.569,92.984
0,roadside_same_date,glc-7265,2015-07-22,7,25.758,93.856,5,Manipur,21.3,74.4,129.4,189.8,296.3,485.7,206.48,14.3,7,8.28,37.25,86.26,299.82,0.469,0.487,0.499,26.7,23.4,0,355,20.345,351.552,0.989,-0.147,-0.422,127,1.71,5,4.5,open-meteo-era5,25.764,93.824
0,roadside_same_date,glc-7266,2015-07-22,7,25.561,93.754,10,Manipur,20.7,37.3,95.5,181.4,305.2,520.8,200.695,5.3,7,10.3,41.39,117.9,325.49,0.483,0.499,0.483,21.7,19.1,0,1273,15.932,313.971,0.694,-0.72,0.131,347,1.721,5,4.5,open-meteo-era5,25.554,93.811
0,roadside_same_date,glc-7267,2015-07-22,7,25.564,94.181,10,Manipur,24.4,24.2,80.1,199.9,300.5,477.3,190.215,4.6,7,16.94,48.02,130.7,347.16,0.502,0.5,0.503,21,17.8,0,1578,12.821,67.521,0.382,0.924,0.14,337,1.582,5,4.5,open-meteo-era5,25.554,94.202
0,roadside_same_date,glc-7276,2015-07-25,7,26.186,91.687,5,Assam,2.7,18,61.5,234.9,333.7,534,248.763,6.8,7,11.76,44.78,112.45,316.39,0.482,0.492,0.48,32.3,24.6,0,55,1.028,,0,0,0.038,50,3.148,5,5.1,open-meteo-era5,26.186,91.678
0,roadside_same_date,glc-7364,2015-07-31,7,24.7,94.197,10,Manipur,63.1,64,160,289.9,433.1,578.9,264.228,6.3,7,76.06,100.44,116.44,328.9,0.45,0.46,0.458,18.9,17.3,0,1229,23.262,350.196,0.985,-0.17,-0.157,405,2.174,3,4.4,open-meteo-era5,24.71,94.148
0,roadside_same_date,glc-7372,2015-07-31,7,25.295,94.449,10,Manipur,44.3,31.7,101.1,145.9,338.7,629.2,202.807,4.6,7,64.07,82.06,94.89,336.93,0.479,0.493,0.493,17.9,15.2,0,1623,12.121,155.45,-0.91,0.415,-0.382,373,1.806,5,4.5,open-meteo-era5,25.272,94.476
0,roadside_same_date,glc-7370,2015-08-01,8,24.315,93.787,5,Manipur,10.9,127.3,229.1,307.4,558,755.7,403.569,9.8,7,8.7,110.35,129.77,387.65,0.492,0.502,0.49,26.6,19.6,0,800,3.92,24.775,0.908,0.419,-0.22,195,2.875,3,4.4,open-meteo-era5,24.288,93.834
0,roadside_same_date,glc-7385,2015-08-01,8,24.223,93.955,10,Manipur,17.3,163.3,304.9,443.5,653,851.7,489.957,12.2,7,5.31,82.66,101.37,310.51,0.497,0.508,0.496,23.1,17.5,0,1299,17.284,116.959,-0.453,0.891,0.146,276,2.865,3,4.4,open-meteo-era5,24.218,94.021
0,roadside_same_date,glc-7369,2015-08-01,8,24.138,93.92,10,Manipur,17.3,163.3,304.9,443.5,653,851.7,489.957,12.2,7,5.31,82.66,101.37,310.51,0.496,0.509,0.497,24.2,17.9,0,1268,17.57,88.919,0.019,1,0.585,310,2.95,3,4.4,open-meteo-era5,24.148,93.921
0,roadside_same_date,glc-7383,2015-08-01,8,24.021,94.154,5,Manipur,15,198.8,448.2,696.1,970.6,1395,755.756,13.7,7,2.09,71.58,85.55,237.74,0.497,0.509,0.493,26.3,21.2,0,447,22.846,287.306,0.297,-0.955,0.656,320,2.721,3,4.4,open-meteo-era5,24.007,94.199
0,roadside_same_date,glc-7373,2015-08-01,8,24.697,94.206,10,Manipur,16.5,63.1,143.6,299.6,425.7,593.3,300.791,4.3,7,3.7,100.7,118.29,329.07,0.453,0.461,0.462,20.8,15.8,0,1550,6.115,138.633,-0.75,0.661,0.378,336,2.171,3,4.4,open-meteo-era5,24.71,94.244
0,roadside_same_date,glc-7389,2015-08-01,8,24.692,93.981,5,Manipur,39.3,101.9,191.1,278.3,419.2,535.9,279.448,13,7,8.7,110.35,129.77,387.65,0.486,0.5,0.494,25.2,19.7,0,788,4.824,119.846,-0.498,0.867,0.083,150,2.307,3,4.4,open-meteo-era5,24.71,93.955
0,roadside_same_date,glc-7388,2015-08-01,8,24.723,94.034,5,Manipur,39.3,101.9,191.1,278.3,419.2,535.9,279.448,13,7,8.7,110.35,129.77,387.65,0.486,0.5,0.494,25.3,19.8,0,781,1.678,,0,0,-0.101,36,2.243,3,4.4,open-meteo-era5,24.71,94.051
0,roadside_same_date,glc-7374,2015-08-01,8,25.267,94.148,10,Manipur,18.9,49.8,96,152.9,293.6,499.1,196.767,4.6,6,6.56,85.46,99.61,337.93,0.483,0.492,0.503,20.7,15,0,1756,13.092,198.435,-0.949,-0.316,0.614,436,1.661,5,4.5,open-meteo-era5,25.272,94.184
0,roadside_same_date,glc-7390,2015-08-01,8,24.337,93.88,25,Manipur,17.3,163.3,304.9,443.5,653,851.7,489.957,12.2,7,8.7,110.35,129.77,387.65,0.481,0.494,0.48,26.2,19.9,0,777,4.263,185.528,-0.995,-0.096,-0.293,70,2.808,3,4.4,open-meteo-era5,24.359,93.838
0,roadside_same_date,glc-7384,2015-08-01,8,23.991,94.285,5,Manipur,15,198.8,448.2,696.1,970.6,1395,755.756,13.7,7,2.09,71.58,85.55,237.74,0.492,0.499,0.495,28.3,22.8,0,149,1.437,,0,0,-0.064,15,2.551,3,4.4,open-meteo-era5,24.007,94.295
0,roadside_same_date,glc-7375,2015-08-01,8,25.36,94.686,25,Manipur,27.9,110.8,198,324.1,501.8,1034.2,405.339,8.9,7,6.56,85.46,99.61,337.93,0.441,0.444,0.443,20.2,15.7,0,1899,3.367,195.461,-0.964,-0.267,0,298,1.886,5,4.5,open-meteo-era5,25.343,94.675
0,roadside_same_date,glc-7910,2015-08-01,8,24.232,94.331,10,Manipur,14.1,144.8,314.4,540.1,722.2,972.9,553.06,10,7,2.09,71.58,85.55,237.74,0.494,0.508,0.499,27.3,22.4,0,160,2.48,186.34,-0.994,-0.11,-0.073,22,2.445,3,4.4,open-meteo-era5,24.218,94.309
0,roadside_same_date,glc-7409,2015-08-02,8,25.641,94.49,10,Nagaland,4.4,9.3,48.6,66.2,326.6,607.5,181.723,1.3,5,0.7,71.33,99.02,332.89,0.502,0.5,0.482,23.4,15.6,0,1694,16.826,181.375,-1,-0.024,-0.037,491,1.682,4,4.5,open-meteo-era5,25.624,94.402
0,roadside_same_date,glc-7666,2015-08-11,8,24.967,93.552,5,Manipur,3.6,24,38,74.9,230,528.6,151.697,3.8,7,2.87,29.11,78.68,412.99,0.425,0.426,0.428,30.1,22.4,0,626,19.8,229.606,-0.648,-0.762,0.37,272,2.005,1,4.2,open-meteo-era5,24.991,93.488
0,roadside_same_date,glc-7664,2015-08-11,8,24.742,93.287,10,Manipur,5.5,13.8,25.3,87.8,216.9,723.1,168.326,2.2,7,5.97,40.38,84.21,510.18,0.424,0.425,0.427,30.1,21.6,0,634,17.082,134.367,-0.699,0.715,0.692,401,2.186,1,4.2,open-meteo-era5,24.71,93.28
0,roadside_same_date,glc-7665,2015-08-11,8,25.017,93.532,5,Manipur,3.6,24,38,74.9,230,528.6,151.697,3.8,7,2.87,29.11,78.68,412.99,0.424,0.425,0.429,27.2,20,0,1098,18.868,295.212,0.426,-0.905,0.445,348,1.943,1,4.2,open-meteo-era5,25.062,93.588
0,roadside_same_date,glc-7660,2015-08-12,8,25.623,94.479,5,Nagaland,5.5,2,21.2,78,189.1,617.9,133.554,1.1,7,3.35,14.73,69.02,370.93,0.486,0.489,0.504,26.7,19.3,0,1146,31.522,221.483,-0.749,-0.662,0.365,659,2.423,2,4.5,open-meteo-era5,25.624,94.5
0,roadside_same_date,glc-7335,2015-08-18,8,25.293,90.215,1,Meghalaya,60,39.9,116.4,167.6,226.8,444.2,141.547,16.7,7,15.22,43.75,59.02,270.29,0.478,0.494,0.5,28.6,24.6,0,121,2.231,111.801,-0.371,0.928,0.056,79,1.203,1,4.4,open-meteo-era5,25.272,90.195
0,roadside_same_date,glc-7701,2015-08-19,8,25.566,94.303,5,Nagaland,14.4,2.5,29.2,77,216.5,482.6,122.974,6.7,7,8.1,17.36,37.6,284.48,0.478,0.491,0.497,20.8,15.5,0,2015,17.647,55.525,0.566,0.824,-0.215,398,2.407,2,4.5,open-meteo-era5,25.554,94.3
0,roadside_same_date,glc-7589,2015-08-19,8,25.521,92.146,25,Meghalaya,44.4,30.9,93.8,141.1,204.2,542.8,144.552,4.4,7,46.76,97.85,131.6,378.71,0.48,0.487,0.497,22.1,20.2,0,1330,0.619,,0,0,-0.075,27,1.351,3,4.5,open-meteo-era5,25.483,92.148
0,roadside_same_date,glc-7590,2015-08-19,8,24.846,92.392,5,Meghalaya,40.6,26.5,83,150.1,207.5,511,148.522,3,7,41.24,100.47,149.45,490.85,0.48,0.482,0.513,25.7,24.7,0,24,0.993,,0,0,-0.018,14,1.483,2,4.5,open-meteo-era5,24.851,92.417
0,roadside_same_date,glc-7706,2015-08-19,8,24.859,92.488,5,Meghalaya,40.6,26.5,83,150.1,207.5,511,148.522,3,7,41.24,100.47,149.45,490.85,0.481,0.482,0.493,25.5,24.6,0,24,0.832,,0,0,-0.065,14,1.544,2,4.5,open-meteo-era5,24.851,92.513
0,roadside_same_date,glc-7336,2015-08-19,8,25.181,90.843,10,Meghalaya,64.9,32.9,135.2,190.5,274.6,510.1,163.62,10.3,7,26.68,58.96,87.68,354.46,0.475,0.487,0.473,28.8,24.8,0,59,27.967,239.304,-0.51,-0.86,-0.557,282,1.231,1,4.4,open-meteo-era5,25.132,90.874
0,roadside_same_date,glc-7727,2015-08-20,8,25.935,94.046,5,Nagaland,33.2,14.5,52.4,56,107,278.9,61.725,6.9,5,8.59,30.37,51.95,246.27,0.485,0.486,0.478,25.8,20.7,0,660,17.299,300.658,0.51,-0.86,0.188,482,1.929,1,4.5,open-meteo-era5,25.905,94.028
0,roadside_same_date,glc-7728,2015-08-22,8,26.309,92.16,5,Assam,28.3,35.7,116.7,241.1,405.9,559.3,260.881,7.6,7,3.57,76.3,154.5,275.81,0.483,0.497,0.489,30.4,24.9,0,55,0.355,,0,0,-0.019,8,1.938,1,4.4,open-meteo-era5,26.327,92.176
0,roadside_same_date,glc-7780,2015-08-26,8,23.226,92.904,5,Mizoram,7.4,7.4,21.8,75,153.5,453.7,111.743,4.2,7,1.78,3.77,44.03,342.14,0.418,0.42,0.417,26.5,19.4,0,953,32.666,29.364,0.872,0.49,-0.297,441,1.318,1,4.5,open-meteo-era5,23.234,92.925
0,roadside_same_date,glc-7778,2015-08-26,8,24.014,92.926,10,Mizoram,19.5,4.4,29.3,101.6,152.6,409.7,107.06,5,7,3.95,11.51,44.23,330.03,0.416,0.418,0.424,24.3,19.4,0,1085,11.497,125.929,-0.587,0.81,0,223,1.608,1,4.5,open-meteo-era5,24.007,92.959
0,roadside_same_date,glc-7836,2015-08-27,8,24.189,92.801,10,Mizoram,2.1,10,18.9,65.7,139.3,324.9,99.394,2.7,7,5.48,9.52,37.7,394.23,0.42,0.422,0.424,26.3,21.1,0,690,6.756,210.964,-0.857,-0.514,0.923,246,1.563,1,4.5,open-meteo-era5,24.148,92.774
0,roadside_same_date,glc-7837,2015-08-27,8,23.796,92.637,5,Mizoram,4.1,7.3,21.9,47.7,124.8,344.8,91.161,2,7,5.48,9.52,37.7,394.23,0.418,0.42,0.418,31.3,25.1,0,96,16.425,163.323,-0.958,0.287,-1.018,194,1.372,1,4.5,open-meteo-era5,23.796,92.664
0,roadside_same_date,glc-7972,2015-08-28,8,23.676,92.595,25,Mizoram,1.4,5.9,16.9,52.6,122.6,308.6,86.334,3.6,7,10.53,17,32.21,412.8,0.415,0.418,0.42,26.1,20.7,0,829,18.743,291.615,0.368,-0.93,-0.907,454,1.316,1,4.5,open-meteo-era5,23.656,92.563
0,roadside_same_date,glc-7933,2015-09-01,9,26.163,91.778,1,Assam,35.3,86.9,132,241,437.9,709.5,278.094,11.9,7,8.4,82.12,160.64,398.09,0.493,0.506,0.49,26.5,24.8,0,55,0.696,,0,0,0.123,21,1,1,4.2,open-meteo-era5,26.186,91.776
0,roadside_same_date,glc-7923,2015-09-01,9,26.322,91.852,10,Assam,35.3,86.9,132,241,437.9,709.5,278.094,11.9,7,10.67,74.71,148.2,392.25,0.485,0.497,0.491,26.8,24.9,0,52,1.124,,0,0,-0.104,11,1,1,4.2,open-meteo-era5,26.327,91.879
0,roadside_same_date,glc-7956,2015-09-05,9,26.18,91.775,1,Meghalaya,7.2,29.2,64.5,224.4,418.4,766.3,284.321,4,7,3.69,63.5,156.6,459.65,0.467,0.475,0.48,30.4,24,0,55,1.245,,0,0,-0.038,48,2.088,2,4.2,open-meteo-era5,26.186,91.776
0,roadside_same_date,glc-8012,2015-09-06,9,25.763,91.72,1,Meghalaya,17,25.2,97.3,545.7,783.3,1213.4,521.244,7.9,7,0.87,29.57,121.4,451.49,0.474,0.492,0.481,24.8,20.5,0,804,9.606,173.841,-0.994,0.107,-0.319,169,1.909,2,4.2,open-meteo-era5,25.764,91.667
0,roadside_same_date,glc-8224,2015-09-14,9,23.961,92.781,5,Mizoram,7,21.1,34.9,57.2,177.6,281.5,92,5.1,6,19.43,40.44,67.2,393.73,0.419,0.418,0.402,26,20.7,0,799,19.699,81.762,0.143,0.99,0.255,351,1.535,4,4.5,open-meteo-era5,23.937,92.765
0,roadside_same_date,glc-8223,2015-09-14,9,23.466,92.746,5,Mizoram,8.2,10,24.4,48.2,157.9,317.2,84.337,3,6,13.58,44.56,78.75,440.49,0.417,0.416,0.402,22.4,17.1,0,1387,14.877,46.45,0.689,0.725,-0.009,336,1.366,3,4.5,open-meteo-era5,23.445,92.744
0,roadside_same_date,glc-8339,2015-09-23,9,26.301,91.542,1,Assam,24,22.9,60.6,161.9,248.7,564.9,181.433,3.9,5,67.61,109.72,122.08,410.65,0.501,0.48,0.506,26.4,25.3,0,49,0.22,,0,0,0.019,16,1.821,3,4.2,open-meteo-era5,26.327,91.582
0,roadside_same_date,glc-8366,2015-09-23,9,25.486,91.848,5,Meghalaya,67.6,71.7,214.7,298.4,349.1,1074.2,295.394,8.1,7,48.8,118.09,140.11,587.3,0.479,0.498,0.486,19.2,17.5,0,1823,2.94,131.186,-0.659,0.753,-0.401,60,1.854,4,4.2,open-meteo-era5,25.483,91.855
0,roadside_same_date,glc-9215,2016-01-14,1,27.316,88.892,1,West Bengal,2.4,1.8,4.2,16,22.8,32.8,12.709,0.4,4,0.04,0.41,1.36,2.33,0.352,0.351,0.352,-3.2,-11.3,13.58,4236,27.919,101.622,-0.201,0.979,0.482,553,3.448,2,4.4,open-meteo-era5,27.381,88.894
0,roadside_same_date,glc-9405,2016-04-19,4,26.506,94.729,1,Nagaland,39.4,35.4,80.7,137.2,192.6,267,114.845,6,7,10.83,37.9,68.11,182.12,0.487,0.486,0.512,21,16.6,0,906,23.099,88.691,0.023,1,0.228,342,4.23,1,4.5,open-meteo-era5,26.467,94.758
0,roadside_same_date,glc-7655,2016-04-22,4,27.83,91.673,5,Arunachal Pradesh,23.4,15.9,56.9,85.4,164.1,250.7,92.814,2.4,7,3.74,18.37,36.5,62.98,0.426,0.427,0.427,5.7,-1.3,6.72,3845,35.462,202.704,-0.923,-0.386,0.35,748,3.55,2,5,open-meteo-era5,27.803,91.62
0,roadside_same_date,glc-9404,2016-05-01,5,27.879,96.856,1,Arunachal Pradesh,2.8,0.8,8.2,31,239.3,448.6,138.379,0.6,5,5.13,18.09,34.86,299.68,0.416,0.418,0.421,24.7,17.7,0,873,36.473,188.346,-0.989,-0.145,-0.866,483,3.667,0,,open-meteo-era5,27.873,96.892
0,roadside_same_date,glc-9335,2016-05-18,5,24.773,92.481,1,Assam,55.8,56.7,119.8,190.5,204.9,655.6,157.599,6.5,7,95.25,271.6,358.76,710.69,0.476,0.496,0.48,28.5,22.8,0,26,1.365,,0,0,0.065,37,2.099,4,4.8,open-meteo-era5,24.78,92.511
0,roadside_same_date,glc-9338,2016-05-18,5,24.759,92.636,10,Assam,44.4,43.8,92.7,155.6,171.9,650.4,141.441,4.4,7,95.25,271.6,358.76,710.69,0.472,0.495,0.47,28.7,22.8,0,20,1.538,,0,0,-0.055,14,2.21,4,4.8,open-meteo-era5,24.78,92.607
0,roadside_same_date,glc-9334,2016-05-18,5,24.723,92.794,1,Assam,44.4,43.8,92.7,155.6,171.9,650.4,141.441,4.4,7,75.63,179.71,267.55,559.2,0.478,0.489,0.449,28.4,22.7,0,24,1.761,,0,0,0,18,2.334,4,4.8,open-meteo-era5,24.71,92.797
0,roadside_same_date,glc-9336,2016-05-18,5,24.205,92.383,1,Assam,25.2,18,50.9,76.2,88.2,311.8,69.032,5.3,7,53.01,83.73,156.01,336.81,0.412,0.406,0.381,30.4,23.3,0,118,2.725,61.504,0.477,0.879,0.046,71,2.084,5,4.8,open-meteo-era5,24.218,92.394
0,roadside_same_date,glc-9168,2016-06-12,6,27.965,93.72,10,Arunachal Pradesh,3.9,4.3,12.9,66.3,129.4,297.2,89.358,2.7,7,17.61,37.01,87.47,272.4,0.415,0.416,0.421,29.1,18.6,0,877,33.199,97.152,-0.124,0.992,0,731,1.354,2,4.5,open-meteo-era5,28.014,93.657
0,roadside_same_date,glc-9142,2016-06-14,6,26.043,94.701,1,Nagaland,4.5,16.7,45.2,133.4,153.5,255.1,118.46,2.7,7,1.66,24.13,61.34,269.76,0.493,0.492,0.51,21.4,16.8,0,1726,19.306,3.972,0.998,0.069,0.245,429,2.715,3,4.6,open-meteo-era5,26.046,94.726
0,roadside_same_date,glc-8222,2016-06-22,6,26.149,92.016,5,Assam,12.6,4.6,19.7,133,257.6,405.4,157.448,1.9,7,19.78,46.18,154.1,368.1,0.477,0.489,0.47,28.9,25.4,0,58,0.928,,0,0,-0.076,72,1,0,,open-meteo-era5,26.116,91.972
0,roadside_same_date,glc-8237,2016-07-01,7,27.345,92.745,1,Arunachal Pradesh,78.6,75.6,228.1,391.4,688.4,1123.6,421.598,5.1,7,12.34,28.45,32.96,174.03,0.429,0.429,0.428,20.5,18.7,0,1272,24.586,128.684,-0.625,0.781,0.145,423,1.017,0,,open-meteo-era5,27.381,92.816
0,roadside_same_date,glc-8900,2016-07-07,7,25.166,94.353,25,Manipur,3.5,7.8,24,118.2,181.6,394.4,134.629,2.9,7,11.95,28.19,92.02,255.75,0.471,0.464,0.486,23.5,17.4,0,1762,8.326,159.775,-0.938,0.346,0.074,165,2.252,5,4.7,open-meteo-era5,25.132,94.369
0,roadside_same_date,glc-8901,2016-07-10,7,25.48,94.214,25,Nagaland,14.9,2.5,18.3,63.3,217.3,461.8,132.276,6.4,6,7.59,14.04,60.06,286.29,0.48,0.484,0.462,22.7,17.5,0,1771,12.239,142.237,-0.791,0.612,-0.075,187,2.29,3,4.7,open-meteo-era5,25.483,94.197
0,roadside_same_date,glc-8930,2016-07-11,7,26.116,94.267,1,Nagaland,11.3,24.8,53.4,106.3,240.6,439.9,160.267,3.9,7,8.39,28.43,66.58,355.52,0.485,0.497,0.494,24.4,19.6,0,1246,8.162,13.213,0.974,0.229,-0.189,354,1.888,2,4.7,open-meteo-era5,26.116,94.239
0,roadside_same_date,glc-8995,2016-07-14,7,25.985,92.038,5,Assam,16.4,33.2,105.2,200.8,444.1,797.6,279.516,9.9,7,7.89,16.48,48.2,419.39,0.47,0.475,0.459,26.2,23.2,0,639,13.165,49.205,0.653,0.757,0.038,280,1.084,0,,open-meteo-era5,25.975,92.066
0,roadside_same_date,glc-8996,2016-07-14,7,26.108,91.603,1,Assam,26,12.4,54.5,242.8,584.8,972.1,333.974,5.7,7,7.89,16.48,48.2,419.39,0.449,0.483,0.474,29.7,26.4,0,55,0.44,,0,0,0,10,1.017,0,,open-meteo-era5,26.116,91.577
0,roadside_same_date,glc-9010,2016-07-16,7,27.043,93.624,5,Arunachal Pradesh,31.8,13.2,52.1,71,122.8,225.6,63.961,3.9,7,38.01,105.3,175.09,491.48,0.418,0.418,0.416,25.2,24,0,347,6.574,102.265,-0.212,0.977,0.547,162,1.29,2,4.7,open-meteo-era5,27.03,93.6
0,roadside_same_date,glc-9051,2016-07-19,7,25.96,91.992,25,Meghalaya,63.8,27.6,182.5,291.3,491.9,840.3,325.359,14.5,7,19.72,128.07,204.59,491.25,0.468,0.493,0.466,26.9,23,0,539,4.124,222.274,-0.74,-0.673,-0.216,48,1.095,0,,open-meteo-era5,25.975,91.967
0,roadside_same_date,glc-9124,2016-07-19,7,25.465,90.719,5,Meghalaya,11.9,40.3,73.3,111.2,192.6,408,149.359,5.2,6,35.18,206.33,298,767.62,0.467,0.486,0.499,27.5,24.1,0,260,3.496,341.565,0.949,-0.316,0.093,149,1.209,0,,open-meteo-era5,25.483,90.683
0,roadside_same_date,glc-9074,2016-07-20,7,27.137,87.99,1,West Bengal,70.9,21.7,150.3,444.4,592.1,1066.3,414.566,8.9,7,40.66,74.54,164.04,460.78,0.424,0.426,0.427,13.4,11.3,0,3271,28.271,7.724,0.991,0.134,0.336,525,2.089,1,4.7,open-meteo-era5,27.17,87.996
0,roadside_same_date,glc-9122,2016-07-20,7,25.965,92.1,5,Assam,40.7,63.8,132.1,298.8,518.9,874.1,355.063,14.5,7,32.15,108.99,231.77,508.83,0.481,0.495,0.481,26.5,23.4,0,508,15.454,123.551,-0.553,0.833,-0.423,225,1.093,0,,open-meteo-era5,25.975,92.066
0,roadside_same_date,glc-9138,2016-07-21,7,27.166,88.295,1,West Bengal,116.3,90,236.1,514.2,596.1,1039.7,407.644,10,7,19.54,81.02,168.83,449.81,0.43,0.433,0.427,26.2,23.8,0,400,17.83,144.615,-0.815,0.579,-0.163,413,2.031,1,4.7,open-meteo-era5,27.17,88.296
0,roadside_same_date,glc-9186,2016-07-25,7,25.306,94.011,1,Manipur,22.3,18.6,46.5,86.9,169.4,311.5,96.653,1.9,7,16.77,29.37,43.78,270.62,0.433,0.432,0.43,20,18.4,0,1357,17.982,268.084,-0.033,-0.999,0.084,265,2.041,4,4.7,open-meteo-era5,25.343,93.994
0,roadside_same_date,glc-9220,2016-07-26,7,27.301,88.385,1,West Bengal,77.2,177.6,310.5,705.6,1215.9,1712.6,750.393,10.5,7,23.49,81.22,147.48,381.96,0.429,0.43,0.428,17.4,15.7,0,1564,42.826,205.649,-0.901,-0.433,-0.337,801,2.106,1,4.7,open-meteo-era5,27.311,88.393
0,roadside_same_date,glc-9219,2016-07-26,7,25.948,94.649,5,Nagaland,6.7,26.4,76.3,124.5,241.7,421.8,159.713,3.8,7,1.68,31.23,61.28,319.74,0.478,0.476,0.508,20.6,13.3,0,1908,30.837,212.56,-0.843,-0.538,-0.075,381,2.105,3,4.7,open-meteo-era5,25.975,94.623
0,roadside_same_date,glc-9251,2016-07-28,7,25.695,94.727,1,Nagaland,3.6,3.8,13.9,102.2,199,469,144.918,1.6,7,17.39,37.96,83.06,312.13,0.489,0.492,0.452,28.1,21.5,0,707,4.839,30.964,0.857,0.514,-0.571,304,2.261,3,4.7,open-meteo-era5,25.694,94.701
0,roadside_same_date,glc-9232,2016-07-28,7,23.529,92.994,1,Mizoram,1.4,4.1,9,33.5,92.8,309.8,71.146,2.9,6,7.01,19.12,53.22,248.85,0.413,0.415,0.417,26.1,19.3,0,1124,14.016,9.597,0.986,0.167,-0.452,275,2.113,6,4.9,open-meteo-era5,23.515,93.032
0,roadside_same_date,glc-9252,2016-07-28,7,27.8,91.986,5,Arunachal Pradesh,12.7,12,43.2,133.8,275.1,487.8,168.143,1.9,7,6.59,14.89,44.69,163.27,0.425,0.427,0.426,12.6,7.4,0,3713,21.275,337.087,0.921,-0.389,0.496,410,1,0,,open-meteo-era5,27.733,91.921
0,roadside_same_date,glc-9464,2016-08-05,8,27.653,91.86,5,Arunachal Pradesh,7.7,5.8,15.1,58.9,217.5,496.5,125.488,2.2,7,0.23,10.25,20.27,202.47,0.406,0.406,0.412,11.7,5.3,0.56,4052,9.241,288.983,0.325,-0.946,-0.301,270,1,0,,open-meteo-era5,27.733,91.82
0,roadside_same_date,glc-9603,2016-10-12,10,27.015,88.209,10,West Bengal,23.2,31,82.9,156.3,206.8,659.9,193.85,4.4,7,20.4,41.55,76.21,288.34,0.427,0.427,0.429,16.2,14.2,0,2069,38.409,5.403,0.996,0.094,0.355,644,1,2,4.2,open-meteo-era5,27.03,88.1
0,roadside_same_date,glc-9587,2016-10-12,10,26.897,88.567,25,West Bengal,121.6,14,142.5,194.8,209.3,523.3,107.277,16.2,6,22.91,53.46,86.71,325.03,0.35,0.335,0.247,22.9,21.2,0,310,19.804,168.843,-0.981,0.194,0.153,256,1,0,,open-meteo-era5,26.889,88.603
0,roadside_same_date,glc-9604,2016-10-12,10,26.998,88.3,10,Sikkim,63.1,40,131.9,201.5,230.1,580.2,180.536,6.7,6,20.4,41.55,76.21,288.34,0.427,0.427,0.429,15.7,13.6,0,2077,18.99,23.466,0.917,0.398,-0.537,534,1,2,4.2,open-meteo-era5,27.03,88.2
0,roadside_same_date,glc-9618,2016-10-15,10,26.973,88.767,1,West Bengal,0,0.5,24.4,333.6,377.6,613.8,303.484,0.2,5,0.46,24.83,85.99,335.92,0.349,0.35,0.389,27.5,19.6,0,422,17.075,282.653,0.219,-0.976,-0.23,161,1,0,,open-meteo-era5,26.96,88.801
0,roadside_same_date,glc-9617,2016-10-15,10,27.001,88.278,5,West Bengal,0,37.1,137.3,310.9,358.4,698.5,308.61,5.5,6,0.71,17.25,66.59,294.32,0.423,0.425,0.427,17,10.1,0,2222,33.782,24.878,0.907,0.421,-0.278,580,1,2,4.2,open-meteo-era5,27.03,88.2
0,roadside_same_date,glc-9620,2016-10-15,10,27.279,88.617,5,Sikkim,1.2,15.3,60.6,164.8,206.4,670.4,189.581,4.5,7,0.32,17.55,56.95,220.49,0.419,0.418,0.435,20.3,16.1,0,1369,27.4,182.984,-0.999,-0.052,0.491,429,1,1,4,open-meteo-era5,27.311,88.594
0,roadside_same_date,glc-9619,2016-10-15,10,27.324,88.481,5,Sikkim,1.2,15.3,60.6,164.8,206.4,670.4,189.581,4.5,7,0.32,17.55,56.95,220.49,0.419,0.422,0.435,24.9,21.3,0,723,30.193,321.68,0.785,-0.62,0,608,1,1,4,open-meteo-era5,27.241,88.495
0,roadside_same_date,rimbi-2026-08-13,2026-08-13,8,27.013,88.1,1,Sikkim,6.3,4.6,12.9,74.5,319.9,523.4,160.632,1.1,7,7.3,10.88,81.79,395.24,0.396,0.4,0.412,21.4,15.3,0,2278,27.926,95.697,-0.099,0.995,0.23,530,1,0,,open-meteo-era5,27.1,88.098
0,roadside_same_date,rimbi-2026-08-14,2026-08-14,8,27.013,88.339,1,Sikkim,3.4,6.6,11.1,31.6,159.1,344.8,83.982,1.2,7,6.42,16,80.99,396.64,0.389,0.392,0.41,27,20.2,0,1164,23.567,124.715,-0.57,0.822,0.192,493,1,0,,open-meteo-era5,27.03,88.3
0,roadside_same_date,rimbi-2026-09-24,2026-09-24,9,27.286,88.561,1,Sikkim,40.3,26,79.4,108.1,263.4,438,141.784,8.8,6,25.47,45.45,125.79,405.39,0.414,0.414,0.416,17.9,15.3,0,1591,27.825,196.75,-0.958,-0.288,0.395,721,2.036,1,4.8,open-meteo-era5,27.381,88.592
